"question","answer","rand"
"Passage: Mice are afraid of wolves.
Gertrude is a mouse.
Cats are afraid of sheep.
Winona is a mouse.
Sheep are afraid of wolves.
Wolves are afraid of cats.
Emily is a mouse.
Jessica is a wolf.
Question: What is gertrude afraid of?
Answer:"," wolf"," iadgM  s:fssruirs fece lufe mrearo C io oats d .tsiadeaaaoaParfeGervae.w"
"Passage: Mice are afraid of wolves.
Gertrude is a mouse.
Cats are afraid of sheep.
Winona is a mouse.
Sheep are afraid of wolves.
Wolves are afraid of cats.
Emily is a mouse.
Jessica is a wolf.
Question: What is gertrude afraid of?
Answer:"," wolf","sdaerisaaru omeuia oeeftG  sorrseaa. oergf CMa :vcar ffaeiwdle.s P  saidt"
"Passage: Mice are afraid of wolves.
Gertrude is a mouse.
Cats are afraid of sheep.
Winona is a mouse.
Sheep are afraid of wolves.
Wolves are afraid of cats.
Emily is a mouse.
Jessica is a wolf.
Question: What is jessica afraid of?
Answer:"," cat","iPddroGr aarfuee aaeesiaeawoolsfu rf:srtaemM dssCg    eie t  s.aavro.cafi"
"Passage: Mice are afraid of wolves.
Gertrude is a mouse.
Cats are afraid of sheep.
Winona is a mouse.
Sheep are afraid of wolves.
Wolves are afraid of cats.
Emily is a mouse.
Jessica is a wolf.
Question: What is gertrude afraid of?
Answer:"," wolf","roue feeda.sa:Gs d strsfatev oaf aue.graasoPreMca  ewfmseialia  ordi rC i"
"Passage: Sheep are afraid of mice.
Emily is a sheep.
Mice are afraid of sheep.
Cats are afraid of sheep.
Winona is a sheep.
Jessica is a mouse.
Gertrude is a sheep.
Wolves are afraid of sheep.
Question: What is jessica afraid of?
Answer:"," sheep","e yf:Eeharefr  a h sfeleiScfpard iMeoios gea. ePme.a rsa idiphsesaamac  i"
"Passage: Sheep are afraid of mice.
Emily is a sheep.
Mice are afraid of sheep.
Cats are afraid of sheep.
Winona is a sheep.
Jessica is a mouse.
Gertrude is a sheep.
Wolves are afraid of sheep.
Question: What is emily afraid of?
Answer:"," mouse"," Sryar:epa feiasMsi. .Eaacgicfaf e f emeopee he rehihs lrsoasi P iemd aad"
"Passage: Sheep are afraid of mice.
Emily is a sheep.
Mice are afraid of sheep.
Cats are afraid of sheep.
Winona is a sheep.
Jessica is a mouse.
Gertrude is a sheep.
Wolves are afraid of sheep.
Question: What is winona afraid of?
Answer:"," mouse","egPr  ei a oyloead  .cacsaeeMfaepim:irE .  safeeSasrhdhei fs e fimapisahr"
"Passage: Sheep are afraid of mice.
Emily is a sheep.
Mice are afraid of sheep.
Cats are afraid of sheep.
Winona is a sheep.
Jessica is a mouse.
Gertrude is a sheep.
Wolves are afraid of sheep.
Question: What is emily afraid of?
Answer:"," mouse","ilrfE:ahSscospfae efm.rric meda ea ipieaei iMa Pgfad  e.soey   eheaahsrs "
"Passage: Cats are afraid of sheep.
Sheep are afraid of mice.
Emily is a sheep.
Gertrude is a sheep.
Wolves are afraid of mice.
Mice are afraid of wolves.
Winona is a mouse.
Jessica is a wolf.
Question: What is emily afraid of?
Answer:"," mouse","dCypai  a reeEsiafphdii ah te emhff.oeacar:  e ssaa aPrSegosfislreme a .s"
"Passage: Cats are afraid of sheep.
Sheep are afraid of mice.
Emily is a sheep.
Gertrude is a sheep.
Wolves are afraid of mice.
Mice are afraid of wolves.
Winona is a mouse.
Jessica is a wolf.
Question: What is gertrude afraid of?
Answer:"," mouse","oCcpgEiee.a hs paeis.h:isis  eaa haro  ia a Sdfrtl ee earfayPesmmer fafds"
"Passage: Cats are afraid of sheep.
Sheep are afraid of mice.
Emily is a sheep.
Gertrude is a sheep.
Wolves are afraid of mice.
Mice are afraid of wolves.
Winona is a mouse.
Jessica is a wolf.
Question: What is gertrude afraid of?
Answer:"," mouse"," sfe.ePyf ai Cphpfsdeasct arl . emaseo ia aefser igiidhaEh:Sar r  aoemsea"
"Passage: Cats are afraid of sheep.
Sheep are afraid of mice.
Emily is a sheep.
Gertrude is a sheep.
Wolves are afraid of mice.
Mice are afraid of wolves.
Winona is a mouse.
Jessica is a wolf.
Question: What is winona afraid of?
Answer:"," wolf"," eoh .f re ss:as tdfiP i ycafgsreieeheea as.iChmeapmaarep  odSaiaa sflE r"
"Passage: Mice are afraid of cats.
Gertrude is a mouse.
Emily is a mouse.
Wolves are afraid of sheep.
Winona is a wolf.
Jessica is a mouse.
Cats are afraid of sheep.
Sheep are afraid of cats.
Question: What is jessica afraid of?
Answer:"," cat","eoosmi cGdsaays:e MP mld. utf  osoeWEi.carasaauers e.geret fiaaur si m i"
"Passage: Mice are afraid of cats.
Gertrude is a mouse.
Emily is a mouse.
Wolves are afraid of sheep.
Winona is a wolf.
Jessica is a mouse.
Cats are afraid of sheep.
Sheep are afraid of cats.
Question: What is winona afraid of?
Answer:"," sheep","sauoieadi  t m:c.lsifmGst s. mEoa  aioeu rMerra syosadPa We sguaeeefcr.i"
"Passage: Mice are afraid of cats.
Gertrude is a mouse.
Emily is a mouse.
Wolves are afraid of sheep.
Winona is a wolf.
Jessica is a mouse.
Cats are afraid of sheep.
Sheep are afraid of cats.
Question: What is winona afraid of?
Answer:"," sheep","ausWg feimca:ui  dre erreoad l srom si eMtstE. Gyaaao c.saes.iaumisfPoe "
"Passage: Mice are afraid of cats.
Gertrude is a mouse.
Emily is a mouse.
Wolves are afraid of sheep.
Winona is a wolf.
Jessica is a mouse.
Cats are afraid of sheep.
Sheep are afraid of cats.
Question: What is emily afraid of?
Answer:"," cat","riia feie l PcoEesusMWm a. escoi:ae g umyfGar e tsuaao rrss .ddiosaema.t"
"Passage: Mice are afraid of cats.
Wolves are afraid of sheep.
Emily is a wolf.
Cats are afraid of sheep.
Gertrude is a wolf.
Sheep are afraid of cats.
Winona is a wolf.
Jessica is a mouse.
Question: What is emily afraid of?
Answer:"," sheep"," wsaar iaieseossaivm cEWoefr: iMe.ag f .sahsdtcPloy    f araaereo paifdel"
"Passage: Mice are afraid of cats.
Wolves are afraid of sheep.
Emily is a wolf.
Cats are afraid of sheep.
Gertrude is a wolf.
Sheep are afraid of cats.
Winona is a wolf.
Jessica is a mouse.
Question: What is emily afraid of?
Answer:"," sheep","cfar liEeMsaeWo a ayrehe  aPf dsorl sasdoarw cga si e.efie: ipitsvm f.oaa"
"Passage: Mice are afraid of cats.
Wolves are afraid of sheep.
Emily is a wolf.
Cats are afraid of sheep.
Gertrude is a wolf.
Sheep are afraid of cats.
Winona is a wolf.
Jessica is a mouse.
Question: What is gertrude afraid of?
Answer:"," sheep","odr r.y tWEseaea ihMsfaa  l Poe efawsaimo:pcf e. aeaseirdais colgrs ifav "
"Passage: Mice are afraid of cats.
Wolves are afraid of sheep.
Emily is a wolf.
Cats are afraid of sheep.
Gertrude is a wolf.
Sheep are afraid of cats.
Winona is a wolf.
Jessica is a mouse.
Question: What is gertrude afraid of?
Answer:"," sheep"," csPce p a sgrervfE  esto rar:waaesoio   faWdaa.sM ayeief if.iaomihdsalel"
"Passage: Sheep are afraid of wolves.
Mice are afraid of wolves.
Wolves are afraid of cats.
Emily is a wolf.
Jessica is a wolf.
Gertrude is a wolf.
Cats are afraid of mice.
Winona is a cat.
Question: What is winona afraid of?
Answer:"," mouse","aiaWsfe oaeo:lSs  ewga adelPovhi di va sre  e.rcoaeaMfeof.elrewrv ssr pfa"
"Passage: Sheep are afraid of wolves.
Mice are afraid of wolves.
Wolves are afraid of cats.
Emily is a wolf.
Jessica is a wolf.
Gertrude is a wolf.
Cats are afraid of mice.
Winona is a cat.
Question: What is winona afraid of?
Answer:"," mouse","v . ar Pepssv.rM  f olf eeeedwrsaler  iefsaWgweaoSeirla faachsa:ioodaeo v"
"Passage: Sheep are afraid of wolves.
Mice are afraid of wolves.
Wolves are afraid of cats.
Emily is a wolf.
Jessica is a wolf.
Gertrude is a wolf.
Cats are afraid of mice.
Winona is a cat.
Question: What is emily afraid of?
Answer:"," cat"," seeeaiiplceear.wa Poaaes sverMlrevafWoaor ase  ov rg dffwoh.fS:i  sd ael"
"Passage: Sheep are afraid of wolves.
Mice are afraid of wolves.
Wolves are afraid of cats.
Emily is a wolf.
Jessica is a wolf.
Gertrude is a wolf.
Cats are afraid of mice.
Winona is a cat.
Question: What is jessica afraid of?
Answer:"," cat","oiape e Mvai Wevgecae wf:o hlferdvs eeseSeafiaaasrosf  .P .wrroosallra  d"
"Passage: Cats are afraid of wolves.
Mice are afraid of cats.
Sheep are afraid of cats.
Jessica is a cat.
Gertrude is a sheep.
Winona is a cat.
Emily is a sheep.
Wolves are afraid of sheep.
Question: What is gertrude afraid of?
Answer:"," cat","e rp teresSa..fosogoPavrar set d faacrw :ae aMie  hasaalea f siafiaCcedfr"
"Passage: Cats are afraid of wolves.
Mice are afraid of cats.
Sheep are afraid of cats.
Jessica is a cat.
Gertrude is a sheep.
Winona is a cat.
Emily is a sheep.
Wolves are afraid of sheep.
Question: What is gertrude afraid of?
Answer:"," cat","rt otafw .e.rargCss:fehdaesfMee acva alf es iicaarod a asaae fpo SerPa ri"
"Passage: Cats are afraid of wolves.
Mice are afraid of cats.
Sheep are afraid of cats.
Jessica is a cat.
Gertrude is a sheep.
Winona is a cat.
Emily is a sheep.
Wolves are afraid of sheep.
Question: What is emily afraid of?
Answer:"," cat","rafoee aafsadsir  cr waaetgstceMfCsa oavaal   .S  arffahPrrde.eoaise e:ip"
"Passage: Cats are afraid of wolves.
Mice are afraid of cats.
Sheep are afraid of cats.
Jessica is a cat.
Gertrude is a sheep.
Winona is a cat.
Emily is a sheep.
Wolves are afraid of sheep.
Question: What is emily afraid of?
Answer:"," cat","a rva:asrotMeafePfdsrii lig co e sfapho  aStdarrfaCas.e eaewac a re.e afs"
"Passage: Mice are afraid of sheep.
Sheep are afraid of mice.
Winona is a mouse.
Wolves are afraid of mice.
Jessica is a mouse.
Emily is a wolf.
Gertrude is a mouse.
Cats are afraid of mice.
Question: What is gertrude afraid of?
Answer:"," sheep"," Merceae s oaaPoiWfeeen amo.fS  shra aiaeidno a ecma f degifa.sihspr:ip r"
"Passage: Mice are afraid of sheep.
Sheep are afraid of mice.
Winona is a mouse.
Wolves are afraid of mice.
Jessica is a mouse.
Emily is a wolf.
Gertrude is a mouse.
Cats are afraid of mice.
Question: What is winona afraid of?
Answer:"," sheep","ofdoSfan dme. eneei irri aefa :e.paeeMarcspsa oaPhrscai si a faom hie  gW"
"Passage: Mice are afraid of sheep.
Sheep are afraid of mice.
Winona is a mouse.
Wolves are afraid of mice.
Jessica is a mouse.
Emily is a wolf.
Gertrude is a mouse.
Cats are afraid of mice.
Question: What is winona afraid of?
Answer:"," sheep","ofp  ia  if hraameaeecps fogiae imi . hnfa.saaiaPScr seeo:rdnoeMWers  dea"
"Passage: Mice are afraid of sheep.
Sheep are afraid of mice.
Winona is a mouse.
Wolves are afraid of mice.
Jessica is a mouse.
Emily is a wolf.
Gertrude is a mouse.
Cats are afraid of mice.
Question: What is gertrude afraid of?
Answer:"," sheep","aicoe fWpireers a sm i.sip r aehfr:  Sc   . oiaeheoManoansmeeddeaaagPffia"
"Passage: Mice are afraid of cats.
Emily is a mouse.
Wolves are afraid of mice.
Cats are afraid of sheep.
Winona is a cat.
Sheep are afraid of wolves.
Jessica is a mouse.
Gertrude is a sheep.
Question: What is jessica afraid of?
Answer:"," cat"," fv.aasauiaWlP:Mosf airslm e  agdicrcaate  dayEomo.ise imrr sfs eeaeoif  "
"Passage: Mice are afraid of cats.
Emily is a mouse.
Wolves are afraid of mice.
Cats are afraid of sheep.
Winona is a cat.
Sheep are afraid of wolves.
Jessica is a mouse.
Gertrude is a sheep.
Question: What is emily afraid of?
Answer:"," cat"," sgiserf i  aafc liy.osea  o mmciordif s. aesW dlaoEuataa eaPf:Mievrraesm"
"Passage: Mice are afraid of cats.
Emily is a mouse.
Wolves are afraid of mice.
Cats are afraid of sheep.
Winona is a cat.
Sheep are afraid of wolves.
Jessica is a mouse.
Gertrude is a sheep.
Question: What is jessica afraid of?
Answer:"," cat","i cao .atEsMd mrma:erPyfaam rslerve ii  agiec fs   oWofai.oidaslueaf ssae"
"Passage: Mice are afraid of cats.
Emily is a mouse.
Wolves are afraid of mice.
Cats are afraid of sheep.
Winona is a cat.
Sheep are afraid of wolves.
Jessica is a mouse.
Gertrude is a sheep.
Question: What is winona afraid of?
Answer:"," sheep","a redWlimceisasM arody   aefemeulii tfc af sasa: ravmEsP.g.oosoa iai  efr"
"Passage: Mice are afraid of wolves.
Sheep are afraid of wolves.
Wolves are afraid of cats.
Gertrude is a sheep.
Winona is a mouse.
Emily is a wolf.
Cats are afraid of sheep.
Jessica is a sheep.
Question: What is winona afraid of?
Answer:"," wolf","rv e.aieaoedMesvfas awaS es fra. i el f r:olPoifv  eesplhWoasedrar ewacog"
"Passage: Mice are afraid of wolves.
Sheep are afraid of wolves.
Wolves are afraid of cats.
Gertrude is a sheep.
Winona is a mouse.
Emily is a wolf.
Cats are afraid of sheep.
Jessica is a sheep.
Question: What is winona afraid of?
Answer:"," wolf","iiafweas. aa vf earvoePlhoe: eoadSr isr reo Mssw e.oaa  fvgWlprl aecseefd"
"Passage: Mice are afraid of wolves.
Sheep are afraid of wolves.
Wolves are afraid of cats.
Gertrude is a sheep.
Winona is a mouse.
Emily is a wolf.
Cats are afraid of sheep.
Jessica is a sheep.
Question: What is emily afraid of?
Answer:"," cat","ro.pWla w afe dMgef  Svivwasaaeo ere icieeor:shavl elr fa eo.ssdaoefP ras"
"Passage: Mice are afraid of wolves.
Sheep are afraid of wolves.
Wolves are afraid of cats.
Gertrude is a sheep.
Winona is a mouse.
Emily is a wolf.
Cats are afraid of sheep.
Jessica is a sheep.
Question: What is emily afraid of?
Answer:"," cat","dseiSfrelefraaoae  l os.eoa i pvwaaPdvgW f s rMswecfeerl.svh rao:eaa eio "
"Passage: Sheep are afraid of wolves.
Cats are afraid of wolves.
Gertrude is a sheep.
Wolves are afraid of mice.
Emily is a wolf.
Winona is a cat.
Mice are afraid of wolves.
Jessica is a wolf.
Question: What is jessica afraid of?
Answer:"," mouse",": w eCaeaotrslefahsdpdi  arasv rfro osavge GaPiwoe ree.tisaalSsdefr f.e u"
"Passage: Sheep are afraid of wolves.
Cats are afraid of wolves.
Gertrude is a sheep.
Wolves are afraid of mice.
Emily is a wolf.
Winona is a cat.
Mice are afraid of wolves.
Jessica is a wolf.
Question: What is gertrude afraid of?
Answer:"," wolf","esdaua eolgt eeG :sfa eeaCeoervrStssf  so f o.eds.l w dwprvrrrafaaaahiiiP"
"Passage: Sheep are afraid of wolves.
Cats are afraid of wolves.
Gertrude is a sheep.
Wolves are afraid of mice.
Emily is a wolf.
Winona is a cat.
Mice are afraid of wolves.
Jessica is a wolf.
Question: What is winona afraid of?
Answer:"," wolf","fvieseCh    lsisrtes GroaP r.efl arw tvfrasoaaaed.erosu apeaegdowde a:fSi"
"Passage: Sheep are afraid of wolves.
Cats are afraid of wolves.
Gertrude is a sheep.
Wolves are afraid of mice.
Emily is a wolf.
Winona is a cat.
Mice are afraid of wolves.
Jessica is a wolf.
Question: What is jessica afraid of?
Answer:"," mouse"," serrp uii ro P Cf.rSa fo r saieawtlGwe.fsedoadae sdelvrgaavht:eso aefesa"
"Passage: Mice are afraid of wolves.
Sheep are afraid of wolves.
Jessica is a mouse.
Winona is a sheep.
Gertrude is a mouse.
Cats are afraid of mice.
Emily is a cat.
Wolves are afraid of sheep.
Question: What is emily afraid of?
Answer:"," mouse","a ahasee seo o edfvvcSiaai .  eieelrd : icMi aP wesowaf.Jersapfassfsrgolr"
"Passage: Mice are afraid of wolves.
Sheep are afraid of wolves.
Jessica is a mouse.
Winona is a sheep.
Gertrude is a mouse.
Cats are afraid of mice.
Emily is a cat.
Wolves are afraid of sheep.
Question: What is gertrude afraid of?
Answer:"," wolf","oiilf rw a so eafpfieJeas Md.:adegaasecPlerafwv  rii   ohScs rvaeesseaos."
"Passage: Mice are afraid of wolves.
Sheep are afraid of wolves.
Jessica is a mouse.
Winona is a sheep.
Gertrude is a mouse.
Cats are afraid of mice.
Emily is a cat.
Wolves are afraid of sheep.
Question: What is gertrude afraid of?
Answer:"," wolf","saiJd w.orh :asa roicalflv.evpgoe sae c Pes  sfiiedMs fa sweSaeaao erfrie"
"Passage: Mice are afraid of wolves.
Sheep are afraid of wolves.
Jessica is a mouse.
Winona is a sheep.
Gertrude is a mouse.
Cats are afraid of mice.
Emily is a cat.
Wolves are afraid of sheep.
Question: What is emily afraid of?
Answer:"," mouse","erSvwl sfda a ssaera fhiea ogeeifsw.sPfosvpc ece aara d Jiseior.ila e oM:"
"Passage: Sheep are afraid of cats.
Mice are afraid of sheep.
Wolves are afraid of mice.
Winona is a sheep.
Emily is a sheep.
Jessica is a sheep.
Cats are afraid of mice.
Gertrude is a wolf.
Question: What is gertrude afraid of?
Answer:"," mouse","ala a dsafafagPaho:ai rfs efdihiMeesrare ep Seec.esvroe ftW   srepcaa r.o"
"Passage: Sheep are afraid of cats.
Mice are afraid of sheep.
Wolves are afraid of mice.
Winona is a sheep.
Emily is a sheep.
Jessica is a sheep.
Cats are afraid of mice.
Gertrude is a wolf.
Question: What is emily afraid of?
Answer:"," cat","esra oari hraseevproSfecas Msh.d: fiaer as ioa. pra Wgc ea etPl effefaade"
"Passage: Sheep are afraid of cats.
Mice are afraid of sheep.
Wolves are afraid of mice.
Winona is a sheep.
Emily is a sheep.
Jessica is a sheep.
Cats are afraid of mice.
Gertrude is a wolf.
Question: What is winona afraid of?
Answer:"," cat","pa rso veMrsrfa fedrirhfdP iic.aefftooSah easaea. e aea sWrcle   a:sapeeg"
"Passage: Sheep are afraid of cats.
Mice are afraid of sheep.
Wolves are afraid of mice.
Winona is a sheep.
Emily is a sheep.
Jessica is a sheep.
Cats are afraid of mice.
Gertrude is a wolf.
Question: What is gertrude afraid of?
Answer:"," mouse","eM gpcrpdiea e Whsarrsfhlaoer .o:cfoeeaea  tev Sea rrP di s.aff fasaaesai"
"Passage: Mice are afraid of cats.
Emily is a mouse.
Winona is a mouse.
Sheep are afraid of mice.
Gertrude is a sheep.
Wolves are afraid of cats.
Cats are afraid of sheep.
Jessica is a wolf.
Question: What is winona afraid of?
Answer:"," cat","irg aynfsmess.emE:eolmfdoio csanW s.S rhote.ei uisaPa au a  a siceea iMa"
"Passage: Mice are afraid of cats.
Emily is a mouse.
Winona is a mouse.
Sheep are afraid of mice.
Gertrude is a sheep.
Wolves are afraid of cats.
Cats are afraid of sheep.
Jessica is a wolf.
Question: What is gertrude afraid of?
Answer:"," mouse","se aahai. uoMdry Sgr etsscWaumnfne:amE si si   oeaimfao  eaacseleosi.i.P"
"Passage: Mice are afraid of cats.
Emily is a mouse.
Winona is a mouse.
Sheep are afraid of mice.
Gertrude is a sheep.
Wolves are afraid of cats.
Cats are afraid of sheep.
Jessica is a wolf.
Question: What is emily afraid of?
Answer:"," cat","me aotoi:sWriuocs.a hiadsiemrfaeoc egme yiana f  s.eSMa u.sePiss  E anla"
"Passage: Mice are afraid of cats.
Emily is a mouse.
Winona is a mouse.
Sheep are afraid of mice.
Gertrude is a sheep.
Wolves are afraid of cats.
Cats are afraid of sheep.
Jessica is a wolf.
Question: What is emily afraid of?
Answer:"," cat","e an .taaom dg.ea saa emMfeloo hi: f iosysceueesisusaiW.mn EiiasS carr P"
"Passage: Sheep are afraid of mice.
Winona is a sheep.
Mice are afraid of sheep.
Emily is a sheep.
Wolves are afraid of cats.
Jessica is a sheep.
Gertrude is a mouse.
Cats are afraid of sheep.
Question: What is gertrude afraid of?
Answer:"," sheep","sa.S iedehnosm.dp   rcco es  eeWf rergeifssahoriapP : iaafiahiMefaean a a"
"Passage: Sheep are afraid of mice.
Winona is a sheep.
Mice are afraid of sheep.
Emily is a sheep.
Wolves are afraid of cats.
Jessica is a sheep.
Gertrude is a mouse.
Cats are afraid of sheep.
Question: What is emily afraid of?
Answer:"," mouse","csiaf aMseam  e:iicgred s po hahnssna aeeaiePi  d fo Wrafheir ofe.aS.earp"
"Passage: Sheep are afraid of mice.
Winona is a sheep.
Mice are afraid of sheep.
Emily is a sheep.
Wolves are afraid of cats.
Jessica is a sheep.
Gertrude is a mouse.
Cats are afraid of sheep.
Question: What is emily afraid of?
Answer:"," mouse"," aafrmni:aes  n. ihfaeeerifodresP seWssp oeSprohic.g  Mi a ihaedce aaafa "
"Passage: Sheep are afraid of mice.
Winona is a sheep.
Mice are afraid of sheep.
Emily is a sheep.
Wolves are afraid of cats.
Jessica is a sheep.
Gertrude is a mouse.
Cats are afraid of sheep.
Question: What is jessica afraid of?
Answer:"," mouse","iWpdrgo eo  eiah Ps fes ai.i r eharffacenpssa aae i:eneaadfMcm o eirS.hsa"
"Passage: Wolves are afraid of sheep.
Cats are afraid of sheep.
Sheep are afraid of mice.
Gertrude is a sheep.
Winona is a sheep.
Emily is a sheep.
Mice are afraid of sheep.
Jessica is a wolf.
Question: What is emily afraid of?
Answer:"," mouse","pPeegr fo. Shvase ldeeiafia Whraar.rd eapehesfssoarsa s a pe: fCtaa e feo"
"Passage: Wolves are afraid of sheep.
Cats are afraid of sheep.
Sheep are afraid of mice.
Gertrude is a sheep.
Winona is a sheep.
Emily is a sheep.
Mice are afraid of sheep.
Jessica is a wolf.
Question: What is emily afraid of?
Answer:"," mouse","e l fWgfefisa. eeiora:fdhes  veao ataa fesho peadeee p P.ssrSaaCpasharrr "
"Passage: Wolves are afraid of sheep.
Cats are afraid of sheep.
Sheep are afraid of mice.
Gertrude is a sheep.
Winona is a sheep.
Emily is a sheep.
Mice are afraid of sheep.
Jessica is a wolf.
Question: What is winona afraid of?
Answer:"," mouse","ChW.arr ai hoa sfe.avs re pala  ieaeeerf fhfde opeotssafsega S p:esraaedP"
"Passage: Wolves are afraid of sheep.
Cats are afraid of sheep.
Sheep are afraid of mice.
Gertrude is a sheep.
Winona is a sheep.
Emily is a sheep.
Mice are afraid of sheep.
Jessica is a wolf.
Question: What is winona afraid of?
Answer:"," mouse",":eif asep WaP espshaaeed.srpereetoaaSa ahr  rv ffa aoCidgee o  .ehfsarfls"
"Passage: Wolves are afraid of mice.
Cats are afraid of wolves.
Winona is a wolf.
Emily is a wolf.
Sheep are afraid of wolves.
Mice are afraid of wolves.
Jessica is a mouse.
Gertrude is a cat.
Question: What is jessica afraid of?
Answer:"," wolf","nni eoidro av sCffa:Wvm edsi.wPs  o ectra efealaaWaagi o elsr .saafo sair"
"Passage: Wolves are afraid of mice.
Cats are afraid of wolves.
Winona is a wolf.
Emily is a wolf.
Sheep are afraid of wolves.
Mice are afraid of wolves.
Jessica is a mouse.
Gertrude is a cat.
Question: What is gertrude afraid of?
Answer:"," wolf","W aaeiolr afniasegot  f o in:awvc svlf  easo iormeiaefaCasrdaPW ss.rea.d "
"Passage: Wolves are afraid of mice.
Cats are afraid of wolves.
Winona is a wolf.
Emily is a wolf.
Sheep are afraid of wolves.
Mice are afraid of wolves.
Jessica is a mouse.
Gertrude is a cat.
Question: What is emily afraid of?
Answer:"," mouse","ofr aeaviors danisPnidsa w al .ao  lgrfsaaeWoeofir   tiCemsvfe c:s .aaaWe"
"Passage: Wolves are afraid of mice.
Cats are afraid of wolves.
Winona is a wolf.
Emily is a wolf.
Sheep are afraid of wolves.
Mice are afraid of wolves.
Jessica is a mouse.
Gertrude is a cat.
Question: What is jessica afraid of?
Answer:"," wolf","aa  e vPdlawg iCiiee. lnda:oWcr ia osoWfaamsoi rnasaoerat  ess f vsfrfae."
"Passage: Wolves are afraid of sheep.
Sheep are afraid of cats.
Mice are afraid of wolves.
Emily is a wolf.
Cats are afraid of mice.
Jessica is a wolf.
Gertrude is a cat.
Winona is a wolf.
Question: What is winona afraid of?
Answer:"," sheep","SfaMs aap. ePsa Wrcvr isretdifee afsaa ao  eeofeerh:c.hdafoara rgi lese p"
"Passage: Wolves are afraid of sheep.
Sheep are afraid of cats.
Mice are afraid of wolves.
Emily is a wolf.
Cats are afraid of mice.
Jessica is a wolf.
Gertrude is a cat.
Winona is a wolf.
Question: What is emily afraid of?
Answer:"," sheep"," Si .ifdaaWeeprareaeM.c radve:o a ia pfaooarPfsses crhaeeraff gtsl e h se"
"Passage: Wolves are afraid of sheep.
Sheep are afraid of cats.
Mice are afraid of wolves.
Emily is a wolf.
Cats are afraid of mice.
Jessica is a wolf.
Gertrude is a cat.
Winona is a wolf.
Question: What is emily afraid of?
Answer:"," sheep","ia.fPspaeSaoi aef vlprr e.: rh MoaseffaWeae efsei rhdaa s t eegorca crdas"
"Passage: Wolves are afraid of sheep.
Sheep are afraid of cats.
Mice are afraid of wolves.
Emily is a wolf.
Cats are afraid of mice.
Jessica is a wolf.
Gertrude is a cat.
Winona is a wolf.
Question: What is winona afraid of?
Answer:"," sheep","P .r  arigea vifraed hWfeasp eerca ceaM i.ha:o sfoaeeteSdofe arassr alfsp"
"Passage: Wolves are afraid of sheep.
Mice are afraid of wolves.
Cats are afraid of mice.
Emily is a cat.
Winona is a wolf.
Sheep are afraid of cats.
Jessica is a cat.
Gertrude is a sheep.
Question: What is gertrude afraid of?
Answer:"," cat","aai vd.s  vehaifrelfeWCposfseselea dc aa a r ee wM.ote sfao Prafsaraoig:r"
"Passage: Wolves are afraid of sheep.
Mice are afraid of wolves.
Cats are afraid of mice.
Emily is a cat.
Winona is a wolf.
Sheep are afraid of cats.
Jessica is a cat.
Gertrude is a sheep.
Question: What is gertrude afraid of?
Answer:"," cat","PaaMvf.arlfisfCewgvioeairta sdeh  r s :raofa e  fcaeaar.o ssWeloedpeaes  "
"Passage: Wolves are afraid of sheep.
Mice are afraid of wolves.
Cats are afraid of mice.
Emily is a cat.
Winona is a wolf.
Sheep are afraid of cats.
Jessica is a cat.
Gertrude is a sheep.
Question: What is winona afraid of?
Answer:"," sheep","da ooCriPvveiht ra csdo.:sef  pealsaafaaer rrfseaeeMloss g aiewf afW . ae"
"Passage: Wolves are afraid of sheep.
Mice are afraid of wolves.
Cats are afraid of mice.
Emily is a cat.
Winona is a wolf.
Sheep are afraid of cats.
Jessica is a cat.
Gertrude is a sheep.
Question: What is emily afraid of?
Answer:"," mouse"," efPo:aae .ChlM sdfWrr sateeaoeoavevwaass   i r rdflspicseeff.aeai g oara"
"Passage: Wolves are afraid of sheep.
Winona is a wolf.
Cats are afraid of wolves.
Mice are afraid of wolves.
Emily is a wolf.
Sheep are afraid of mice.
Jessica is a mouse.
Gertrude is a sheep.
Question: What is emily afraid of?
Answer:"," sheep","aaaegloespassw niaCfoh a.aswe r oo. eoni r:lfe iWa stf r  vrWdiafedf aasP"
"Passage: Wolves are afraid of sheep.
Winona is a wolf.
Cats are afraid of wolves.
Mice are afraid of wolves.
Emily is a wolf.
Sheep are afraid of mice.
Jessica is a mouse.
Gertrude is a sheep.
Question: What is winona afraid of?
Answer:"," sheep"," ierowt.ida isshoefgsaoWsaar .aC :efawaPWon flaarsesferdaio  p  lnfe   va"
"Passage: Wolves are afraid of sheep.
Winona is a wolf.
Cats are afraid of wolves.
Mice are afraid of wolves.
Emily is a wolf.
Sheep are afraid of mice.
Jessica is a mouse.
Gertrude is a sheep.
Question: What is winona afraid of?
Answer:"," sheep","oPwvsai  s :e efegehrl.sdWefofda or so.aal faCn e rfaripti  snw aiaaasoWa"
"Passage: Wolves are afraid of sheep.
Winona is a wolf.
Cats are afraid of wolves.
Mice are afraid of wolves.
Emily is a wolf.
Sheep are afraid of mice.
Jessica is a mouse.
Gertrude is a sheep.
Question: What is jessica afraid of?
Answer:"," wolf"," a oeeawa W rf ee as worCeegsa ivaf  sdrdiths lo:..salaapoafosi PnfnrafWi"
"Passage: Cats are afraid of mice.
Mice are afraid of sheep.
Wolves are afraid of sheep.
Jessica is a cat.
Sheep are afraid of mice.
Gertrude is a sheep.
Emily is a wolf.
Winona is a wolf.
Question: What is emily afraid of?
Answer:"," sheep","   raeg .frcs ei:laseia PioefieoarMmafaavahre.t aCrafc eefdWp d s saesrao"
"Passage: Cats are afraid of mice.
Mice are afraid of sheep.
Wolves are afraid of sheep.
Jessica is a cat.
Sheep are afraid of mice.
Gertrude is a sheep.
Emily is a wolf.
Winona is a wolf.
Question: What is winona afraid of?
Answer:"," sheep","ffoacseocrie .:a maav fW C  e.asdioegtsa rfhesaPd r eesarra paiaee lraifM"
"Passage: Cats are afraid of mice.
Mice are afraid of sheep.
Wolves are afraid of sheep.
Jessica is a cat.
Sheep are afraid of mice.
Gertrude is a sheep.
Emily is a wolf.
Winona is a wolf.
Question: What is winona afraid of?
Answer:"," sheep","afaesrsoarrh  f.os  aerr eiaa e.sWsvef ceMfpoC :tee a cmPlairaaefaagd idi"
"Passage: Cats are afraid of mice.
Mice are afraid of sheep.
Wolves are afraid of sheep.
Jessica is a cat.
Sheep are afraid of mice.
Gertrude is a sheep.
Emily is a wolf.
Winona is a wolf.
Question: What is winona afraid of?
Answer:"," sheep","aWi eCei afrev pi: hdfs. raf  cfegaere mas rsefoaaleMPrscdaeoatros ia aa."
"Passage: Cats are afraid of mice.
Mice are afraid of sheep.
Sheep are afraid of wolves.
Emily is a cat.
Wolves are afraid of mice.
Jessica is a sheep.
Gertrude is a cat.
Winona is a wolf.
Question: What is winona afraid of?
Answer:"," mouse"," aeraeafeera aaeiaSrM r ceha   ep mds aehf:eic.ioroasaPpgetfdrafissi.f C "
"Passage: Cats are afraid of mice.
Mice are afraid of sheep.
Sheep are afraid of wolves.
Emily is a cat.
Wolves are afraid of mice.
Jessica is a sheep.
Gertrude is a cat.
Winona is a wolf.
Question: What is jessica afraid of?
Answer:"," wolf","iaSpasr:hia rfarassia efa.Ce. fi Pcecee ae f aaomseepad het fraoMe dir rg"
"Passage: Cats are afraid of mice.
Mice are afraid of sheep.
Sheep are afraid of wolves.
Emily is a cat.
Wolves are afraid of mice.
Jessica is a sheep.
Gertrude is a cat.
Winona is a wolf.
Question: What is jessica afraid of?
Answer:"," wolf","f ae P arC.tafri e seaea cdoiace.r ffaaaed gihsepaihra presMofS:ees r mai"
"Passage: Cats are afraid of mice.
Mice are afraid of sheep.
Sheep are afraid of wolves.
Emily is a cat.
Wolves are afraid of mice.
Jessica is a sheep.
Gertrude is a cat.
Winona is a wolf.
Question: What is gertrude afraid of?
Answer:"," mouse","thaaiafiaedh fafsaiir aas eCespeimeero o Sadrc r r  saeffec.a:Ma Pr gee.p"
"Passage: Wolves are afraid of mice.
Mice are afraid of sheep.
Sheep are afraid of wolves.
Emily is a wolf.
Winona is a mouse.
Jessica is a mouse.
Gertrude is a wolf.
Cats are afraid of mice.
Question: What is winona afraid of?
Answer:"," sheep"," .iiseMvfeero iPeea.oadSs f eecardosfa p  ee rmfaWpha hgala:sarier f ecar"
"Passage: Wolves are afraid of mice.
Mice are afraid of sheep.
Sheep are afraid of wolves.
Emily is a wolf.
Winona is a mouse.
Jessica is a mouse.
Gertrude is a wolf.
Cats are afraid of mice.
Question: What is gertrude afraid of?
Answer:"," mouse",".ma rseef:eaMad  f oacviclp iePfgeoeeaedi .efsi Srae hsr rfr hapsora Weaa"
"Passage: Wolves are afraid of mice.
Mice are afraid of sheep.
Sheep are afraid of wolves.
Emily is a wolf.
Winona is a mouse.
Jessica is a mouse.
Gertrude is a wolf.
Cats are afraid of mice.
Question: What is emily afraid of?
Answer:"," mouse","  frPsa l. evgiam aMrofsie aaser aeefeShicr:  ceeiahp.oaafpsrarfo edWd ee"
"Passage: Wolves are afraid of mice.
Mice are afraid of sheep.
Sheep are afraid of wolves.
Emily is a wolf.
Winona is a mouse.
Jessica is a mouse.
Gertrude is a wolf.
Cats are afraid of mice.
Question: What is jessica afraid of?
Answer:"," sheep","daao p aMg Seehs. :eir eoe sffe eo  m.ipfierWf eiaraseaarclahPvcrdsafare "
"Passage: Cats are afraid of wolves.
Sheep are afraid of wolves.
Mice are afraid of cats.
Emily is a sheep.
Winona is a cat.
Gertrude is a mouse.
Wolves are afraid of mice.
Jessica is a cat.
Question: What is jessica afraid of?
Answer:"," wolf","iafwa l.tsga araasCi   v eef:iaew. rro ee oMSedfeasfa pev rsfaPcoolerhdsa"
"Passage: Cats are afraid of wolves.
Sheep are afraid of wolves.
Mice are afraid of cats.
Emily is a sheep.
Winona is a cat.
Gertrude is a mouse.
Wolves are afraid of mice.
Jessica is a cat.
Question: What is jessica afraid of?
Answer:"," wolf","ri.cd twsof  .vaiSilaersosardrg pa  Co ea:o eP waMa aeeafelheeefrffasva s"
"Passage: Cats are afraid of wolves.
Sheep are afraid of wolves.
Mice are afraid of cats.
Emily is a sheep.
Winona is a cat.
Gertrude is a mouse.
Wolves are afraid of mice.
Jessica is a cat.
Question: What is emily afraid of?
Answer:"," wolf","oCrea eg  :aeowaap fv.Mevrae l irsPswf haff aS disleds.faetosoarrc  eeaai"
"Passage: Cats are afraid of wolves.
Sheep are afraid of wolves.
Mice are afraid of cats.
Emily is a sheep.
Winona is a cat.
Gertrude is a mouse.
Wolves are afraid of mice.
Jessica is a cat.
Question: What is jessica afraid of?
Answer:"," wolf","rwdsfasef.aveae rt da e faSi hariawlPvf aoerooreae g pcCeeias. s Masfol :"
"Passage: Mice are afraid of cats.
Sheep are afraid of mice.
Jessica is a sheep.
Emily is a sheep.
Gertrude is a mouse.
Cats are afraid of wolves.
Wolves are afraid of cats.
Winona is a sheep.
Question: What is jessica afraid of?
Answer:"," mouse","h c fhes if mae daeseapidefa  sfiagsraiiae.arao S.a  :cPrseoesJtiM sracc "
"Passage: Mice are afraid of cats.
Sheep are afraid of mice.
Jessica is a sheep.
Emily is a sheep.
Gertrude is a mouse.
Cats are afraid of wolves.
Wolves are afraid of cats.
Winona is a sheep.
Question: What is winona afraid of?
Answer:"," mouse","aiahrpcfas c ash faee  rPdaa iec aisas .cee:eseiaidrioJ oSMa ms fg. refts"
"Passage: Mice are afraid of cats.
Sheep are afraid of mice.
Jessica is a sheep.
Emily is a sheep.
Gertrude is a mouse.
Cats are afraid of wolves.
Wolves are afraid of cats.
Winona is a sheep.
Question: What is jessica afraid of?
Answer:"," mouse","aficeacs so.e e.se ie ds  gsMpimrcaaraa:ei f a sfiS rahJeafP hriodastec a"
"Passage: Mice are afraid of cats.
Sheep are afraid of mice.
Jessica is a sheep.
Emily is a sheep.
Gertrude is a mouse.
Cats are afraid of wolves.
Wolves are afraid of cats.
Winona is a sheep.
Question: What is winona afraid of?
Answer:"," mouse",".see arfhPh:gifspdSifc a eee Jraa s.aaiae M deo   cm rsi aisaccatrossaefi"
"Passage: Mice are afraid of wolves.
Wolves are afraid of cats.
Winona is a mouse.
Cats are afraid of wolves.
Emily is a cat.
Jessica is a cat.
Sheep are afraid of wolves.
Gertrude is a mouse.
Question: What is gertrude afraid of?
Answer:"," wolf","   was sgcf aa r.eeeriP sov vtessnficoaoW.aoraa aia Wf snladriMe ledi:afo"
"Passage: Mice are afraid of wolves.
Wolves are afraid of cats.
Winona is a mouse.
Cats are afraid of wolves.
Emily is a cat.
Jessica is a cat.
Sheep are afraid of wolves.
Gertrude is a mouse.
Question: What is winona afraid of?
Answer:"," wolf","Weoc Wsfalv.csvo.issnffi dtaiga er flePoaasia a rdiMeo e  :   wanasaeaorr"
"Passage: Mice are afraid of wolves.
Wolves are afraid of cats.
Winona is a mouse.
Cats are afraid of wolves.
Emily is a cat.
Jessica is a cat.
Sheep are afraid of wolves.
Gertrude is a mouse.
Question: What is gertrude afraid of?
Answer:"," wolf"," adfWeifiosa a.ss roloa e:ii.  c  wfant frso vnv gMelreaaeaecdssoP iraaaW"
"Passage: Mice are afraid of wolves.
Wolves are afraid of cats.
Winona is a mouse.
Cats are afraid of wolves.
Emily is a cat.
Jessica is a cat.
Sheep are afraid of wolves.
Gertrude is a mouse.
Question: What is emily afraid of?
Answer:"," wolf","  rriaddo Wgr:ai.raaaf e  coP vsevfcw ois soeaaf aM leisinstla. onfaseeWa"
"Passage: Cats are afraid of sheep.
Sheep are afraid of wolves.
Emily is a sheep.
Jessica is a cat.
Gertrude is a sheep.
Wolves are afraid of mice.
Winona is a cat.
Mice are afraid of cats.
Question: What is gertrude afraid of?
Answer:"," wolf","a f .adSlr spse sdaiP teairaaflrfsoe. :ha py giae  evCfeiEhaseeo srowms a"
"Passage: Cats are afraid of sheep.
Sheep are afraid of wolves.
Emily is a sheep.
Jessica is a cat.
Gertrude is a sheep.
Wolves are afraid of mice.
Winona is a cat.
Mice are afraid of cats.
Question: What is emily afraid of?
Answer:"," wolf","vo  aia.ifea gfirs esrah elfw Ee:ya dsdpa hoCa.opaaeamer fiP s  leertsSss"
"Passage: Cats are afraid of sheep.
Sheep are afraid of wolves.
Emily is a sheep.
Jessica is a cat.
Gertrude is a sheep.
Wolves are afraid of mice.
Winona is a cat.
Mice are afraid of cats.
Question: What is emily afraid of?
Answer:"," wolf","aaao  sas:e r dydaPl.l oea ri aiSswa tf sshfsaf  riepEeeegCfeph.i emasvor"
"Passage: Cats are afraid of sheep.
Sheep are afraid of wolves.
Emily is a sheep.
Jessica is a cat.
Gertrude is a sheep.
Wolves are afraid of mice.
Winona is a cat.
Mice are afraid of cats.
Question: What is winona afraid of?
Answer:"," sheep","afmaawioer pe  tiyaa sCrae. . PseidsffaSigfs a elaevr:s er lEa p edohossh"
"Passage: Mice are afraid of sheep.
Cats are afraid of sheep.
Winona is a cat.
Sheep are afraid of mice.
Jessica is a sheep.
Gertrude is a cat.
Emily is a sheep.
Wolves are afraid of mice.
Question: What is gertrude afraid of?
Answer:"," sheep","f p.aas se:aanecfProseioeasdaa f a r itr ia Cegiehr. seecoad  iWhnfaMpa s"
"Passage: Mice are afraid of sheep.
Cats are afraid of sheep.
Winona is a cat.
Sheep are afraid of mice.
Jessica is a sheep.
Gertrude is a cat.
Emily is a sheep.
Wolves are afraid of mice.
Question: What is emily afraid of?
Answer:"," mouse","p efi  s es:Msrn ddfaeiaasfaars.oepie   eaotfea.ecar  Prcnia WChahsgaioa "
"Passage: Mice are afraid of sheep.
Cats are afraid of sheep.
Winona is a cat.
Sheep are afraid of mice.
Jessica is a sheep.
Gertrude is a cat.
Emily is a sheep.
Wolves are afraid of mice.
Question: What is winona afraid of?
Answer:"," sheep","afi PaieasWMressrrs.asfed i taC  ed:sena gaeren.aaicao f c h oopah afep i"
"Passage: Mice are afraid of sheep.
Cats are afraid of sheep.
Winona is a cat.
Sheep are afraid of mice.
Jessica is a sheep.
Gertrude is a cat.
Emily is a sheep.
Wolves are afraid of mice.
Question: What is winona afraid of?
Answer:"," sheep","eet:gn ai  se. ariasfeaca earda sC issiohW  ad cPfrppaoMeafhes rnaa.oif e"
"Passage: Wolves are afraid of cats.
Sheep are afraid of wolves.
Cats are afraid of sheep.
Emily is a wolf.
Jessica is a cat.
Gertrude is a cat.
Mice are afraid of wolves.
Winona is a wolf.
Question: What is winona afraid of?
Answer:"," cat","has oasfare  :  eCs eeviivapwacffssagae SaPd.eaa ftloerl arWe .rootasrdf "
"Passage: Wolves are afraid of cats.
Sheep are afraid of wolves.
Cats are afraid of sheep.
Emily is a wolf.
Jessica is a cat.
Gertrude is a cat.
Mice are afraid of wolves.
Winona is a wolf.
Question: What is gertrude afraid of?
Answer:"," sheep","olfvseafsrtaleaoe eeai aCsa sdrea. ecSi a   sd: ogfet.Wspo hffvrraa awaPr"
"Passage: Wolves are afraid of cats.
Sheep are afraid of wolves.
Cats are afraid of sheep.
Emily is a wolf.
Jessica is a cat.
Gertrude is a cat.
Mice are afraid of wolves.
Winona is a wolf.
Question: What is gertrude afraid of?
Answer:"," sheep","rv aarfoaoiphar.affs arl:gafrsadP stavcfsea  .esaseeW dS Ce eew oto ial e"
"Passage: Wolves are afraid of cats.
Sheep are afraid of wolves.
Cats are afraid of sheep.
Emily is a wolf.
Jessica is a cat.
Gertrude is a cat.
Mice are afraid of wolves.
Winona is a wolf.
Question: What is emily afraid of?
Answer:"," cat","f aclsefieop.fersa dW hgaa :arSeCrats  sas.laaodveoea vf seaPfiaeo trrw  "
"Passage: Wolves are afraid of cats.
Cats are afraid of wolves.
Sheep are afraid of mice.
Jessica is a sheep.
Winona is a wolf.
Gertrude is a cat.
Emily is a cat.
Mice are afraid of sheep.
Question: What is jessica afraid of?
Answer:"," mouse","fs  aaeita wsra sreaae ev Cd arpaof dhrsf.o rc.sfolao:teWelsfevaeS aaig P"
"Passage: Wolves are afraid of cats.
Cats are afraid of wolves.
Sheep are afraid of mice.
Jessica is a sheep.
Winona is a wolf.
Gertrude is a cat.
Emily is a cat.
Mice are afraid of sheep.
Question: What is emily afraid of?
Answer:"," wolf"," p Css Woe.aa oaevsev resfaaftlSoa trsr.ceieaaafg Pfas hf ade r wdaloier:"
"Passage: Wolves are afraid of cats.
Cats are afraid of wolves.
Sheep are afraid of mice.
Jessica is a sheep.
Winona is a wolf.
Gertrude is a cat.
Emily is a cat.
Mice are afraid of sheep.
Question: What is emily afraid of?
Answer:"," wolf","lehlrrfear fpSeavfaaeo edaPe wa a: gsaaes eC toaa.o afv  r Wis.fsrostidsc"
"Passage: Wolves are afraid of cats.
Cats are afraid of wolves.
Sheep are afraid of mice.
Jessica is a sheep.
Winona is a wolf.
Gertrude is a cat.
Emily is a cat.
Mice are afraid of sheep.
Question: What is winona afraid of?
Answer:"," cat","eaaae sfrorovdev a.tgpraaaWsoiaelPe  few faah.ls  astie s:asrcfr SCdeo f "
"Passage: Mice are afraid of sheep.
Gertrude is a mouse.
Emily is a mouse.
Sheep are afraid of mice.
Wolves are afraid of mice.
Cats are afraid of mice.
Winona is a wolf.
Jessica is a cat.
Question: What is jessica afraid of?
Answer:"," mouse","rim eug tsuse .fe odem:iedaasasscaaf yromrrs EaS .hi Peepes.iuleG   Moia"
"Passage: Mice are afraid of sheep.
Gertrude is a mouse.
Emily is a mouse.
Sheep are afraid of mice.
Wolves are afraid of mice.
Cats are afraid of mice.
Winona is a wolf.
Jessica is a cat.
Question: What is winona afraid of?
Answer:"," mouse","iragt sdadoesGecea.mfrEeiuau uphirs.sa:yas PSeel ei oeo. er m  fsmM  sia"
"Passage: Mice are afraid of sheep.
Gertrude is a mouse.
Emily is a mouse.
Sheep are afraid of mice.
Wolves are afraid of mice.
Cats are afraid of mice.
Winona is a wolf.
Jessica is a cat.
Question: What is emily afraid of?
Answer:"," sheep",".m ogadfadeiaeGouuPese mea: e s sEs rmlhiseotsrecr sar ua.Mie pi fyai .S"
"Passage: Mice are afraid of sheep.
Gertrude is a mouse.
Emily is a mouse.
Sheep are afraid of mice.
Wolves are afraid of mice.
Cats are afraid of mice.
Winona is a wolf.
Jessica is a cat.
Question: What is gertrude afraid of?
Answer:"," sheep","smsp  r oeePm.hEr uateyf esifog.rus edie.oea as i MSs cai muse:lGaadirae"
"Passage: Sheep are afraid of cats.
Cats are afraid of sheep.
Wolves are afraid of mice.
Winona is a sheep.
Mice are afraid of sheep.
Jessica is a sheep.
Gertrude is a sheep.
Emily is a cat.
Question: What is gertrude afraid of?
Answer:"," cat","aaaeolss Sfre.rs raedaha ea:iWcPffa   aaoa f o gCpsrt.viefeee easdph rrst"
"Passage: Sheep are afraid of cats.
Cats are afraid of sheep.
Wolves are afraid of mice.
Winona is a sheep.
Mice are afraid of sheep.
Jessica is a sheep.
Gertrude is a sheep.
Emily is a cat.
Question: What is jessica afraid of?
Answer:"," cat","h dafo edrsaaasitflgtra.aofh:ffpaavpsi es C re rW cs.rSre aosae ae eeaP e"
"Passage: Sheep are afraid of cats.
Cats are afraid of sheep.
Wolves are afraid of mice.
Winona is a sheep.
Mice are afraid of sheep.
Jessica is a sheep.
Gertrude is a sheep.
Emily is a cat.
Question: What is emily afraid of?
Answer:"," sheep"," etr asaap.S poa riovrad Waes fhae lfer.s CsfarPaeeh af:erg cs fesiadaoet"
"Passage: Sheep are afraid of cats.
Cats are afraid of sheep.
Wolves are afraid of mice.
Winona is a sheep.
Mice are afraid of sheep.
Jessica is a sheep.
Gertrude is a sheep.
Emily is a cat.
Question: What is winona afraid of?
Answer:"," cat","d  erfsapaCaasr fcWhtpieei f:aafrrSegerdsae. sreoaaaolhfs a P sova e te ."
"Passage: Wolves are afraid of sheep.
Mice are afraid of sheep.
Cats are afraid of mice.
Gertrude is a wolf.
Jessica is a mouse.
Sheep are afraid of mice.
Winona is a wolf.
Emily is a cat.
Question: What is winona afraid of?
Answer:"," sheep","plfeiPfrfo rve ssr:cdCee e ahdso af aa esiearsrpegari fo.a h aWst aaeMae."
"Passage: Wolves are afraid of sheep.
Mice are afraid of sheep.
Cats are afraid of mice.
Gertrude is a wolf.
Jessica is a mouse.
Sheep are afraid of mice.
Winona is a wolf.
Emily is a cat.
Question: What is gertrude afraid of?
Answer:"," sheep","epseooc  :gali faaPaaaedef. a teaMse.rseerohs ifhCf siaarrrdsW efp  rae v"
"Passage: Wolves are afraid of sheep.
Mice are afraid of sheep.
Cats are afraid of mice.
Gertrude is a wolf.
Jessica is a mouse.
Sheep are afraid of mice.
Winona is a wolf.
Emily is a cat.
Question: What is jessica afraid of?
Answer:"," sheep","pdaaac  ai htae orr.Mlaefeao ePsee:gfs eres Cfedfir  sWrvsaerf .ihasp aao"
"Passage: Wolves are afraid of sheep.
Mice are afraid of sheep.
Cats are afraid of mice.
Gertrude is a wolf.
Jessica is a mouse.
Sheep are afraid of mice.
Winona is a wolf.
Emily is a cat.
Question: What is emily afraid of?
Answer:"," mouse","cep. aafdaor eiseaPhda s :r. ehra oe eesitWrefoaleffsMpigr ar  ssa aCvafe"
"Passage: Sheep are afraid of mice.
Winona is a sheep.
Cats are afraid of mice.
Gertrude is a cat.
Emily is a sheep.
Jessica is a cat.
Wolves are afraid of cats.
Mice are afraid of cats.
Question: What is emily afraid of?
Answer:"," mouse",":es eidpdam.f ghineacW.fsrimfna sPiftaS r aseCaohpaeo ese aar a r ae i oi"
"Passage: Sheep are afraid of mice.
Winona is a sheep.
Cats are afraid of mice.
Gertrude is a cat.
Emily is a sheep.
Jessica is a cat.
Wolves are afraid of cats.
Mice are afraid of cats.
Question: What is jessica afraid of?
Answer:"," mouse","ier fse odehei  niPffaa a meaaagf:a eiaihSssrpaotsn rcade arWo si .p.C me"
"Passage: Sheep are afraid of mice.
Winona is a sheep.
Cats are afraid of mice.
Gertrude is a cat.
Emily is a sheep.
Jessica is a cat.
Wolves are afraid of cats.
Mice are afraid of cats.
Question: What is jessica afraid of?
Answer:"," mouse","f ae e nomaWePaesre .podSCs r ei :fea rdrap.aeiis aoahaf ciiat  sihasgmnf"
"Passage: Sheep are afraid of mice.
Winona is a sheep.
Cats are afraid of mice.
Gertrude is a cat.
Emily is a sheep.
Jessica is a cat.
Wolves are afraid of cats.
Mice are afraid of cats.
Question: What is jessica afraid of?
Answer:"," mouse","aiadn raPeaifaWah ie i o aSeocea tessfi Carg.fd fmp nrhr:se i.mpaass eeo "
"Passage: Wolves are afraid of sheep.
Jessica is a wolf.
Mice are afraid of sheep.
Sheep are afraid of mice.
Emily is a wolf.
Gertrude is a wolf.
Winona is a wolf.
Cats are afraid of wolves.
Question: What is gertrude afraid of?
Answer:"," sheep","Me e Piff fW frdesa caiosiesJ:avf o. oaraeaapa cs.sslgsaeae rre h iwld io"
"Passage: Wolves are afraid of sheep.
Jessica is a wolf.
Mice are afraid of sheep.
Sheep are afraid of mice.
Emily is a wolf.
Gertrude is a wolf.
Winona is a wolf.
Cats are afraid of wolves.
Question: What is emily afraid of?
Answer:"," sheep","ai sssgarssavrefcao.:eJ.rarao eaah edfei  a l efMa f lioiPcpW dwss ef ieo"
"Passage: Wolves are afraid of sheep.
Jessica is a wolf.
Mice are afraid of sheep.
Sheep are afraid of mice.
Emily is a wolf.
Gertrude is a wolf.
Winona is a wolf.
Cats are afraid of wolves.
Question: What is jessica afraid of?
Answer:"," sheep","Piaecfis  afdaa sihi Wrlega ofl.osere  Msafe wa: craose v .r epiasfadosJe"
"Passage: Wolves are afraid of sheep.
Jessica is a wolf.
Mice are afraid of sheep.
Sheep are afraid of mice.
Emily is a wolf.
Gertrude is a wolf.
Winona is a wolf.
Cats are afraid of wolves.
Question: What is emily afraid of?
Answer:"," sheep","s  rihf Jfaw:epafeisfiasPrareW oigvMe  a.el deof o.daa rsciosaaseels ca  "
"Passage: Mice are afraid of wolves.
Sheep are afraid of wolves.
Emily is a mouse.
Winona is a sheep.
Wolves are afraid of sheep.
Gertrude is a wolf.
Cats are afraid of wolves.
Jessica is a wolf.
Question: What is emily afraid of?
Answer:"," wolf","am.efseldap sehwiyesaPi i eawva. seiEdearocalleS  svfrf  ifo Mooa a rg: r"
"Passage: Mice are afraid of wolves.
Sheep are afraid of wolves.
Emily is a mouse.
Winona is a sheep.
Wolves are afraid of sheep.
Gertrude is a wolf.
Cats are afraid of wolves.
Jessica is a wolf.
Question: What is gertrude afraid of?
Answer:"," sheep","v feeaiaEvrade P eiie ops ism oaa .a sf:fSf .wiwoylgdeM rrrh  olascsealae"
"Passage: Mice are afraid of wolves.
Sheep are afraid of wolves.
Emily is a mouse.
Winona is a sheep.
Wolves are afraid of sheep.
Gertrude is a wolf.
Cats are afraid of wolves.
Jessica is a wolf.
Question: What is winona afraid of?
Answer:"," wolf"," .Eamlda cr fawsfPev oae ssriagei. oafe:ivlaiefro  sdri syMhep a Sae owel"
"Passage: Mice are afraid of wolves.
Sheep are afraid of wolves.
Emily is a mouse.
Winona is a sheep.
Wolves are afraid of sheep.
Gertrude is a wolf.
Cats are afraid of wolves.
Jessica is a wolf.
Question: What is jessica afraid of?
Answer:"," sheep"," i rvarapfioyerMsmeadEdha ieea vS.gsc  fsfeall: .waie oP a roiafseow e ls"
"Passage: Cats are afraid of wolves.
Mice are afraid of cats.
Sheep are afraid of cats.
Gertrude is a mouse.
Wolves are afraid of mice.
Winona is a sheep.
Jessica is a mouse.
Emily is a cat.
Question: What is gertrude afraid of?
Answer:"," cat","d are fovdaagaitpa rawferslfie fror caSecPfhst ea.iee saa:o r aaa esMsC ."
"Passage: Cats are afraid of wolves.
Mice are afraid of cats.
Sheep are afraid of cats.
Gertrude is a mouse.
Wolves are afraid of mice.
Winona is a sheep.
Jessica is a mouse.
Emily is a cat.
Question: What is gertrude afraid of?
Answer:"," cat","ts r see evtaM.faeeS  ooaaws Prae p.cafgasaaaaadeCo rl ihi crdi frasr:ffe"
"Passage: Cats are afraid of wolves.
Mice are afraid of cats.
Sheep are afraid of cats.
Gertrude is a mouse.
Wolves are afraid of mice.
Winona is a sheep.
Jessica is a mouse.
Emily is a cat.
Question: What is winona afraid of?
Answer:"," cat","aspaaMo raocagdfrwcr ePsioav e. rtfrr lseadst . Cahesfa eaS a:aeaiffe i e"
"Passage: Cats are afraid of wolves.
Mice are afraid of cats.
Sheep are afraid of cats.
Gertrude is a mouse.
Wolves are afraid of mice.
Winona is a sheep.
Jessica is a mouse.
Emily is a cat.
Question: What is gertrude afraid of?
Answer:"," cat"," aasrfea se roaoa.fraeMd.pes tlasC tora veifwSaias cefe difah gr:r c aaeP"
"Passage: Mice are afraid of sheep.
Wolves are afraid of mice.
Jessica is a mouse.
Sheep are afraid of cats.
Cats are afraid of wolves.
Emily is a cat.
Winona is a cat.
Gertrude is a sheep.
Question: What is winona afraid of?
Answer:"," wolf","sdia.se afl scfr  aafe haevssiesMariiWao: i. cior s eaaeap mg eJecr Pdoef"
"Passage: Mice are afraid of sheep.
Wolves are afraid of mice.
Jessica is a mouse.
Sheep are afraid of cats.
Cats are afraid of wolves.
Emily is a cat.
Winona is a cat.
Gertrude is a sheep.
Question: What is emily afraid of?
Answer:"," wolf","Ps sW sa: edsapafsJ.ce ieiehesdisaaeiog.o a fmefcirea caiM   oavl errfra "
"Passage: Mice are afraid of sheep.
Wolves are afraid of mice.
Jessica is a mouse.
Sheep are afraid of cats.
Cats are afraid of wolves.
Emily is a cat.
Winona is a cat.
Gertrude is a sheep.
Question: What is emily afraid of?
Answer:"," wolf","soc :e PeeaWsd o asroi edh paai rcff  mcserreJvssiea i.iaisegfal.fa aMae "
"Passage: Mice are afraid of sheep.
Wolves are afraid of mice.
Jessica is a mouse.
Sheep are afraid of cats.
Cats are afraid of wolves.
Emily is a cat.
Winona is a cat.
Gertrude is a sheep.
Question: What is jessica afraid of?
Answer:"," sheep","esseiWeseghPrMa fearls.car fi:aa   foa edsir fscie a. Jdavepmooiaiea s  c"
"Passage: Mice are afraid of sheep.
Jessica is a mouse.
Sheep are afraid of mice.
Wolves are afraid of cats.
Winona is a wolf.
Gertrude is a sheep.
Emily is a mouse.
Cats are afraid of wolves.
Question: What is emily afraid of?
Answer:"," sheep"," aca.es  aeprgJa  sr aeaooieM.sf rsiieehoamhfeiue apscs : sSd arfaPe deif"
"Passage: Mice are afraid of sheep.
Jessica is a mouse.
Sheep are afraid of mice.
Wolves are afraid of cats.
Winona is a wolf.
Gertrude is a sheep.
Emily is a mouse.
Cats are afraid of wolves.
Question: What is gertrude afraid of?
Answer:"," mouse","a rse acepi s efh  adsiii soiasp :oadr  cafs.ee.a meaefghruraaPsMeoeefJS "
"Passage: Mice are afraid of sheep.
Jessica is a mouse.
Sheep are afraid of mice.
Wolves are afraid of cats.
Winona is a wolf.
Gertrude is a sheep.
Emily is a mouse.
Cats are afraid of wolves.
Question: What is gertrude afraid of?
Answer:"," mouse","ie psoPa:eaeu a.fser.agfa d eiihsriseae fMro eh c rcas daaifmJpSoe s s ea"
"Passage: Mice are afraid of sheep.
Jessica is a mouse.
Sheep are afraid of mice.
Wolves are afraid of cats.
Winona is a wolf.
Gertrude is a sheep.
Emily is a mouse.
Cats are afraid of wolves.
Question: What is emily afraid of?
Answer:"," sheep","  d   Siu ofs.haafi:ercaeipaerecePerafhJa   s aepsaosas seiiadfe.oMrgem s"
"Passage: Wolves are afraid of mice.
Sheep are afraid of wolves.
Winona is a wolf.
Cats are afraid of sheep.
Mice are afraid of sheep.
Gertrude is a cat.
Jessica is a mouse.
Emily is a sheep.
Question: What is winona afraid of?
Answer:"," mouse",".ad.la avewilPoh af :enerorWs iio ane e   grsfeiassfpevrodeaWoS casaf mia"
"Passage: Wolves are afraid of mice.
Sheep are afraid of wolves.
Winona is a wolf.
Cats are afraid of sheep.
Mice are afraid of sheep.
Gertrude is a cat.
Jessica is a mouse.
Emily is a sheep.
Question: What is winona afraid of?
Answer:"," mouse","erfoc saolaehnooa realasWaiaaffpifs  e asSod.e  Wvr eiem ae.ivinwsg:dr  P"
"Passage: Wolves are afraid of mice.
Sheep are afraid of wolves.
Winona is a wolf.
Cats are afraid of sheep.
Mice are afraid of sheep.
Gertrude is a cat.
Jessica is a mouse.
Emily is a sheep.
Question: What is winona afraid of?
Answer:"," mouse","h nsaifelsg  woWaeaspo vofda:fa S rie.aaWs  .avPsrerocmia  iriefde eenaol"
"Passage: Wolves are afraid of mice.
Sheep are afraid of wolves.
Winona is a wolf.
Cats are afraid of sheep.
Mice are afraid of sheep.
Gertrude is a cat.
Jessica is a mouse.
Emily is a sheep.
Question: What is jessica afraid of?
Answer:"," sheep","l aceeo o wa ifgashadpSloaaeeair:ren isnvr mW.avi r.aoeeiossefPfd   Ws af"
"Passage: Cats are afraid of mice.
Wolves are afraid of sheep.
Sheep are afraid of cats.
Winona is a sheep.
Mice are afraid of sheep.
Gertrude is a wolf.
Jessica is a cat.
Emily is a wolf.
Question: What is jessica afraid of?
Answer:"," mouse","Wess a rradeeeffdaraa. er at aacgfsa ampo hheiP feae:C lseivSe r rs.fiopo"
"Passage: Cats are afraid of mice.
Wolves are afraid of sheep.
Sheep are afraid of cats.
Winona is a sheep.
Mice are afraid of sheep.
Gertrude is a wolf.
Jessica is a cat.
Emily is a wolf.
Question: What is jessica afraid of?
Answer:"," mouse","tras aa So fa a asah.sg eaiPaopeefdmprfrfr re riesl: a eeeefdsv eWchaC.io"
"Passage: Cats are afraid of mice.
Wolves are afraid of sheep.
Sheep are afraid of cats.
Winona is a sheep.
Mice are afraid of sheep.
Gertrude is a wolf.
Jessica is a cat.
Emily is a wolf.
Question: What is winona afraid of?
Answer:"," cat","e hpaoee CsSaa.vmegtf sr.aaerpsise  er af  a icdoae:frfiaoaPerl rdhsWafe "
"Passage: Cats are afraid of mice.
Wolves are afraid of sheep.
Sheep are afraid of cats.
Winona is a sheep.
Mice are afraid of sheep.
Gertrude is a wolf.
Jessica is a cat.
Emily is a wolf.
Question: What is gertrude afraid of?
Answer:"," sheep","eCemffp h:t Ssaer opada eorfc.reWadeailsa.va Pe fshigraa rfsr ie o eae sa"
"Passage: Mice are afraid of wolves.
Sheep are afraid of cats.
Cats are afraid of sheep.
Wolves are afraid of cats.
Gertrude is a cat.
Jessica is a sheep.
Winona is a sheep.
Emily is a mouse.
Question: What is winona afraid of?
Answer:"," cat"," ea.i:ff sef aowiroe aoasrdatcreCPagraapae haaaMS  .ecifrs lsdf e evs rta"
"Passage: Mice are afraid of wolves.
Sheep are afraid of cats.
Cats are afraid of sheep.
Wolves are afraid of cats.
Gertrude is a cat.
Jessica is a sheep.
Winona is a sheep.
Emily is a mouse.
Question: What is gertrude afraid of?
Answer:"," sheep","aPfirf  C al s esrrr sgi .hdpt.cfear aeaos wfia :daaaacsarSeaee otMeoaevf"
"Passage: Mice are afraid of wolves.
Sheep are afraid of cats.
Cats are afraid of sheep.
Wolves are afraid of cats.
Gertrude is a cat.
Jessica is a sheep.
Winona is a sheep.
Emily is a mouse.
Question: What is gertrude afraid of?
Answer:"," sheep","effw fsoea a  Sa cP lsso eaf rerseeaasdaheaevird.ra: rt ataroigCifap .Mac"
"Passage: Mice are afraid of wolves.
Sheep are afraid of cats.
Cats are afraid of sheep.
Wolves are afraid of cats.
Gertrude is a cat.
Jessica is a sheep.
Winona is a sheep.
Emily is a mouse.
Question: What is jessica afraid of?
Answer:"," cat","lea ie  o:etaf Se fesaserMdrvrga af.ofrsiaaaaca f heCP p awicaosteradr .s"
"Passage: Mice are afraid of wolves.
Gertrude is a mouse.
Sheep are afraid of wolves.
Winona is a mouse.
Jessica is a sheep.
Wolves are afraid of cats.
Cats are afraid of sheep.
Emily is a mouse.
Question: What is gertrude afraid of?
Answer:"," wolf","frsrrho fa.aa ieueoo : esa mMpciisGdiwPsraetdeeS ar. esa duea f a roevgle"
"Passage: Mice are afraid of wolves.
Gertrude is a mouse.
Sheep are afraid of wolves.
Winona is a mouse.
Jessica is a sheep.
Wolves are afraid of cats.
Cats are afraid of sheep.
Emily is a mouse.
Question: What is winona afraid of?
Answer:"," wolf"," cwahetGgif Mofa:aeel orm.ad d oS vfuaae uparrdoaPsreir  saes i.ieers ees"
"Passage: Mice are afraid of wolves.
Gertrude is a mouse.
Sheep are afraid of wolves.
Winona is a mouse.
Jessica is a sheep.
Wolves are afraid of cats.
Cats are afraid of sheep.
Emily is a mouse.
Question: What is emily afraid of?
Answer:"," wolf","oaari capeurae: oe e. evdPs eeSsa idrorGtiefiafosurr g.sh dwe Mfsea  mala"
"Passage: Mice are afraid of wolves.
Gertrude is a mouse.
Sheep are afraid of wolves.
Winona is a mouse.
Jessica is a sheep.
Wolves are afraid of cats.
Cats are afraid of sheep.
Emily is a mouse.
Question: What is emily afraid of?
Answer:"," wolf","  gomewe ar so  ol:deiei es. GearMfd hceSrauaearseuifdt vaassProear ipaf."
"Passage: Sheep are afraid of mice.
Emily is a sheep.
Cats are afraid of mice.
Wolves are afraid of cats.
Mice are afraid of wolves.
Winona is a mouse.
Gertrude is a cat.
Jessica is a wolf.
Question: What is jessica afraid of?
Answer:"," cat","ms eepdaa CiPm syeh ari i:a Si  e..ceopehasfetsaraora  esgffE cf iarimdla"
"Passage: Sheep are afraid of mice.
Emily is a sheep.
Cats are afraid of mice.
Wolves are afraid of cats.
Mice are afraid of wolves.
Winona is a mouse.
Gertrude is a cat.
Jessica is a wolf.
Question: What is jessica afraid of?
Answer:"," cat","a: mditreao r sheim.caler yaacfaeE risee  f ieadgi sief sp.msCaao fSpa Ph"
"Passage: Sheep are afraid of mice.
Emily is a sheep.
Cats are afraid of mice.
Wolves are afraid of cats.
Mice are afraid of wolves.
Winona is a mouse.
Gertrude is a cat.
Jessica is a wolf.
Question: What is emily afraid of?
Answer:"," mouse"," ead c:aaia ef.a m eaf ree  rSgiedP ihmas ieE.pr lfomsssCiaaifyorctsheap "
"Passage: Sheep are afraid of mice.
Emily is a sheep.
Cats are afraid of mice.
Wolves are afraid of cats.
Mice are afraid of wolves.
Winona is a mouse.
Gertrude is a cat.
Jessica is a wolf.
Question: What is emily afraid of?
Answer:"," mouse","cerEea ps il or ssp  Seyiriaca : af  eeeergfimhmaes.fo.aad mdCshiat fiPaa"
"Passage: Cats are afraid of wolves.
Wolves are afraid of cats.
Winona is a cat.
Gertrude is a wolf.
Sheep are afraid of wolves.
Emily is a sheep.
Mice are afraid of wolves.
Jessica is a cat.
Question: What is winona afraid of?
Answer:"," wolf","s eeoifea.glaioircsa warsverafva le.rWd a aP  d s Cfannft sas:to  iaosaoW"
"Passage: Cats are afraid of wolves.
Wolves are afraid of cats.
Winona is a cat.
Gertrude is a wolf.
Sheep are afraid of wolves.
Emily is a sheep.
Mice are afraid of wolves.
Jessica is a cat.
Question: What is emily afraid of?
Answer:"," wolf",".aateisfai   sl nv.gt ddso rr a Pr:oeavfw laWaWiaro soCoeessfaae nisfaca "
"Passage: Cats are afraid of wolves.
Wolves are afraid of cats.
Winona is a cat.
Gertrude is a wolf.
Sheep are afraid of wolves.
Emily is a sheep.
Mice are afraid of wolves.
Jessica is a cat.
Question: What is winona afraid of?
Answer:"," wolf","oe.ftodsio  galrraCWso   ft sW.eas eoaaadeiwc:v irsaasfPal vaifae  nasrn "
"Passage: Cats are afraid of wolves.
Wolves are afraid of cats.
Winona is a cat.
Gertrude is a wolf.
Sheep are afraid of wolves.
Emily is a sheep.
Mice are afraid of wolves.
Jessica is a cat.
Question: What is gertrude afraid of?
Answer:"," cat","g saaPireo efooW slaiasdat .vfwsevrW afiscr : aCniadraa  ea o.f nalessot "
"Passage: Sheep are afraid of mice.
Cats are afraid of sheep.
Winona is a cat.
Jessica is a cat.
Gertrude is a sheep.
Mice are afraid of wolves.
Wolves are afraid of mice.
Emily is a mouse.
Question: What is gertrude afraid of?
Answer:"," mouse","   : aecoorm aoah gaa.rsaaesfSiei WCsacfPr ars disteapdeapn ehie . ienaff"
"Passage: Sheep are afraid of mice.
Cats are afraid of sheep.
Winona is a cat.
Jessica is a cat.
Gertrude is a sheep.
Mice are afraid of wolves.
Wolves are afraid of mice.
Emily is a mouse.
Question: What is jessica afraid of?
Answer:"," sheep","Ccfia:ffateraso mpaSh  oeeedanpiea.a iriordsg a .c f Wheiea  aesasPa nrs "
"Passage: Sheep are afraid of mice.
Cats are afraid of sheep.
Winona is a cat.
Jessica is a cat.
Gertrude is a sheep.
Mice are afraid of wolves.
Wolves are afraid of mice.
Emily is a mouse.
Question: What is winona afraid of?
Answer:"," sheep","iara eano sam  aaacpnoidW.:ar Ppsfafifrecg  ash eehoateei sfaCdie Sse r. "
"Passage: Sheep are afraid of mice.
Cats are afraid of sheep.
Winona is a cat.
Jessica is a cat.
Gertrude is a sheep.
Mice are afraid of wolves.
Wolves are afraid of mice.
Emily is a mouse.
Question: What is emily afraid of?
Answer:"," wolf","araoaeo se  Sridf. ga rfiheaie pe areoancn itcasa:ffai s eapa. CPmdssWh e"
"Passage: Cats are afraid of mice.
Gertrude is a cat.
Sheep are afraid of wolves.
Jessica is a cat.
Mice are afraid of wolves.
Wolves are afraid of sheep.
Emily is a cat.
Winona is a sheep.
Question: What is winona afraid of?
Answer:"," wolf","iteadtoap:mS icPga.  r ou w ftsi afaaeaha seCoddaec .Grref refseeriars  a"
"Passage: Cats are afraid of mice.
Gertrude is a cat.
Sheep are afraid of wolves.
Jessica is a cat.
Mice are afraid of wolves.
Wolves are afraid of sheep.
Emily is a cat.
Winona is a sheep.
Question: What is emily afraid of?
Answer:"," mouse","tit   asasfe co rrSsarGhtorpceCai sa ufwieoa .Pfgreeeaa d.aeiaa m :efdd r"
"Passage: Cats are afraid of mice.
Gertrude is a cat.
Sheep are afraid of wolves.
Jessica is a cat.
Mice are afraid of wolves.
Wolves are afraid of sheep.
Emily is a cat.
Winona is a sheep.
Question: What is winona afraid of?
Answer:"," wolf","Cs srmcs :t w raf eae fa o aadadeehftsteoa .erefiii iaugd  SGecara.rropaP"
"Passage: Cats are afraid of mice.
Gertrude is a cat.
Sheep are afraid of wolves.
Jessica is a cat.
Mice are afraid of wolves.
Wolves are afraid of sheep.
Emily is a cat.
Winona is a sheep.
Question: What is jessica afraid of?
Answer:"," mouse","ieCsur rareff  gdec aPete oa.cdeooari asmS apieaf  ftsdraatGar.wia  hs: e"
"Passage: Cats are afraid of wolves.
Jessica is a cat.
Winona is a cat.
Sheep are afraid of cats.
Emily is a sheep.
Gertrude is a cat.
Mice are afraid of sheep.
Wolves are afraid of sheep.
Question: What is emily afraid of?
Answer:"," cat","We  J ds:siCaaoeeshoa  s icaiaw aPaasoca.lvsfigeni t esaSec ftrra. nats."
"Passage: Cats are afraid of wolves.
Jessica is a cat.
Winona is a cat.
Sheep are afraid of cats.
Emily is a sheep.
Gertrude is a cat.
Mice are afraid of sheep.
Wolves are afraid of sheep.
Question: What is emily afraid of?
Answer:"," cat","lsadi Pi na.aioar  i nf sesaacsse:t g hecaaatts feS ro.avoJsa acieWsCw.e"
"Passage: Cats are afraid of wolves.
Jessica is a cat.
Winona is a cat.
Sheep are afraid of cats.
Emily is a sheep.
Gertrude is a cat.
Mice are afraid of sheep.
Wolves are afraid of sheep.
Question: What is jessica afraid of?
Answer:"," wolf","staw cre d. nei.aeisaaofs t tlsia:Sv aefisrsas a ecniceJWas  ah.PCa ogao"
"Passage: Cats are afraid of wolves.
Jessica is a cat.
Winona is a cat.
Sheep are afraid of cats.
Emily is a sheep.
Gertrude is a cat.
Mice are afraid of sheep.
Wolves are afraid of sheep.
Question: What is emily afraid of?
Answer:"," cat","searascaaansitJ ghf easa.W v a:s. cePta  des iswec ioaa Cts. fSeiiaoolnr"
"Passage: Cats are afraid of mice.
Sheep are afraid of cats.
Mice are afraid of sheep.
Jessica is a cat.
Winona is a sheep.
Gertrude is a cat.
Emily is a sheep.
Wolves are afraid of cats.
Question: What is winona afraid of?
Answer:"," cat","iaif.e acfrteM caofdmrSpCrsrgoheaee   sa   taea eas ii cid:Prfa.eaaasrfad"
"Passage: Cats are afraid of mice.
Sheep are afraid of cats.
Mice are afraid of sheep.
Jessica is a cat.
Winona is a sheep.
Gertrude is a cat.
Emily is a sheep.
Wolves are afraid of cats.
Question: What is gertrude afraid of?
Answer:"," mouse","o aaaa fhcsarfpseaat ar:otadrriaefiPss c .faeei M e frSgdaeC aier. mcdie "
"Passage: Cats are afraid of mice.
Sheep are afraid of cats.
Mice are afraid of sheep.
Jessica is a cat.
Winona is a sheep.
Gertrude is a cat.
Emily is a sheep.
Wolves are afraid of cats.
Question: What is emily afraid of?
Answer:"," cat","tocarsfma f earafs  t..ieifea cadri adoMfpr saaa Saee Ce ahegsa iidr:rPce"
"Passage: Cats are afraid of mice.
Sheep are afraid of cats.
Mice are afraid of sheep.
Jessica is a cat.
Winona is a sheep.
Gertrude is a cat.
Emily is a sheep.
Wolves are afraid of cats.
Question: What is emily afraid of?
Answer:"," cat","fe cmrifara..aecirae edft otes  sCdah ia  odfsrraaaeiaaMSei:pa Pe arfsc g"
"Passage: Cats are afraid of mice.
Sheep are afraid of cats.
Wolves are afraid of sheep.
Jessica is a wolf.
Winona is a wolf.
Emily is a wolf.
Mice are afraid of sheep.
Gertrude is a mouse.
Question: What is emily afraid of?
Answer:"," sheep","Cpfaa isg ehdsWeadeoirasePvra  acof f:am earfa rei e r a te.ct.rsoslafSaa"
"Passage: Cats are afraid of mice.
Sheep are afraid of cats.
Wolves are afraid of sheep.
Jessica is a wolf.
Winona is a wolf.
Emily is a wolf.
Mice are afraid of sheep.
Gertrude is a mouse.
Question: What is gertrude afraid of?
Answer:"," sheep",".eoaadoraiar aPrmas  fre efaeca.rt fri:lshsa aWfaacCi espegft  s Seaovd e"
"Passage: Cats are afraid of mice.
Sheep are afraid of cats.
Wolves are afraid of sheep.
Jessica is a wolf.
Winona is a wolf.
Emily is a wolf.
Mice are afraid of sheep.
Gertrude is a mouse.
Question: What is winona afraid of?
Answer:"," sheep","ataffadeema   Crlesccs W ieraoet dPaavfrshoar.fear s :i gaaisr aee.Sfpoa "
"Passage: Cats are afraid of mice.
Sheep are afraid of cats.
Wolves are afraid of sheep.
Jessica is a wolf.
Winona is a wolf.
Emily is a wolf.
Mice are afraid of sheep.
Gertrude is a mouse.
Question: What is winona afraid of?
Answer:"," sheep","discaeeaveaar   a lf rfae:eiSachW sassoCpeaofr arP.osg.ta adrremte  ff ia"
"Passage: Cats are afraid of wolves.
Mice are afraid of wolves.
Wolves are afraid of mice.
Jessica is a cat.
Winona is a cat.
Gertrude is a cat.
Emily is a cat.
Sheep are afraid of cats.
Question: What is winona afraid of?
Answer:"," wolf","s fdwevaeeearaM . ae:atfo .  esag cfPoolrsCWvsaildsa arora also vewrefi i"
"Passage: Cats are afraid of wolves.
Mice are afraid of wolves.
Wolves are afraid of mice.
Jessica is a cat.
Winona is a cat.
Gertrude is a cat.
Emily is a cat.
Sheep are afraid of cats.
Question: What is gertrude afraid of?
Answer:"," wolf","MCesesvewsilltd   e. errP rrg foa:aa .aovafifaoes caso faWaeaers  ivawldo"
"Passage: Cats are afraid of wolves.
Mice are afraid of wolves.
Wolves are afraid of mice.
Jessica is a cat.
Winona is a cat.
Gertrude is a cat.
Emily is a cat.
Sheep are afraid of cats.
Question: What is gertrude afraid of?
Answer:"," wolf"," so :oai oas.ilearosr ea dc.eiaaweCWa at ffvPa oeeglaefd   Mvlvwesssrrrfa"
"Passage: Cats are afraid of wolves.
Mice are afraid of wolves.
Wolves are afraid of mice.
Jessica is a cat.
Winona is a cat.
Gertrude is a cat.
Emily is a cat.
Sheep are afraid of cats.
Question: What is gertrude afraid of?
Answer:"," wolf","cra  PlvdMse a:a aeC.e evaaWa irrf . e li osaalswotfedfvgeoosaassieo rwrf"
"Passage: Wolves are afraid of sheep.
Sheep are afraid of mice.
Mice are afraid of cats.
Cats are afraid of mice.
Gertrude is a mouse.
Winona is a cat.
Emily is a mouse.
Jessica is a sheep.
Question: What is gertrude afraid of?
Answer:"," cat","g roaPepaeaeeeeasoa iedpcrfva saiW.  hsh  scfo riSdei lf :m.e rraeeafMarf"
"Passage: Wolves are afraid of sheep.
Sheep are afraid of mice.
Mice are afraid of cats.
Cats are afraid of mice.
Gertrude is a mouse.
Winona is a cat.
Emily is a mouse.
Jessica is a sheep.
Question: What is jessica afraid of?
Answer:"," mouse","rleria.hfmf eoeeeaeaopfor sevsaefiPpra  e.siSMaragd f:e    Wdcseharcaa  i"
"Passage: Wolves are afraid of sheep.
Sheep are afraid of mice.
Mice are afraid of cats.
Cats are afraid of mice.
Gertrude is a mouse.
Winona is a cat.
Emily is a mouse.
Jessica is a sheep.
Question: What is emily afraid of?
Answer:"," cat","aerhg l assf a.MmWeeeefpca o v:frr  s f o.apioeeshdceaaarife arri eSaeiPd"
"Passage: Wolves are afraid of sheep.
Sheep are afraid of mice.
Mice are afraid of cats.
Cats are afraid of mice.
Gertrude is a mouse.
Winona is a cat.
Emily is a mouse.
Jessica is a sheep.
Question: What is emily afraid of?
Answer:"," cat"," dee aeirmdsrv rcipMp so:ihrf.aalaeefa ffaWei.osoeear e aPfc e  ahreSsa g"
"Passage: Mice are afraid of sheep.
Winona is a mouse.
Emily is a mouse.
Cats are afraid of wolves.
Wolves are afraid of mice.
Sheep are afraid of wolves.
Jessica is a sheep.
Gertrude is a wolf.
Question: What is jessica afraid of?
Answer:"," wolf","eatsmifm.  PC uneri:.sicnisa a aMhaygEa uors aiemei.Wsaelodeoa osp  se f"
"Passage: Mice are afraid of sheep.
Winona is a mouse.
Emily is a mouse.
Cats are afraid of wolves.
Wolves are afraid of mice.
Sheep are afraid of wolves.
Jessica is a sheep.
Gertrude is a wolf.
Question: What is emily afraid of?
Answer:"," sheep","poafmr e  aheMia .aui Wigr eoCEssiuaedt:eaas c sn any moP. aioies.fmssel"
"Passage: Mice are afraid of sheep.
Winona is a mouse.
Emily is a mouse.
Cats are afraid of wolves.
Wolves are afraid of mice.
Sheep are afraid of wolves.
Jessica is a sheep.
Gertrude is a wolf.
Question: What is gertrude afraid of?
Answer:"," mouse","rs  s.aehugnmse aa do: issmoeiaricluePEWao iysota ii f eeCf aaM p..nesam"
"Passage: Mice are afraid of sheep.
Winona is a mouse.
Emily is a mouse.
Cats are afraid of wolves.
Wolves are afraid of mice.
Sheep are afraid of wolves.
Jessica is a sheep.
Gertrude is a wolf.
Question: What is jessica afraid of?
Answer:"," wolf"," sieau aaeot. oas EsinWeM smnfeaom auiPfe:C.irihcrgya esaso da esi  m.pl"
"Passage: Sheep are afraid of wolves.
Winona is a sheep.
Gertrude is a sheep.
Cats are afraid of mice.
Mice are afraid of sheep.
Wolves are afraid of cats.
Emily is a cat.
Jessica is a cat.
Question: What is jessica afraid of?
Answer:"," mouse","Spsdosasi i.een asGe:elaviwdraearsehneua  Wogep.rophree essifahta  f    P"
"Passage: Sheep are afraid of wolves.
Winona is a sheep.
Gertrude is a sheep.
Cats are afraid of mice.
Mice are afraid of sheep.
Wolves are afraid of cats.
Emily is a cat.
Jessica is a cat.
Question: What is winona afraid of?
Answer:"," wolf","poartse:.ahe eio  asfveppe fosrr .sdegnWSau lesPeiah aer  dsweeh i nasaiG"
"Passage: Sheep are afraid of wolves.
Winona is a sheep.
Gertrude is a sheep.
Cats are afraid of mice.
Mice are afraid of sheep.
Wolves are afraid of cats.
Emily is a cat.
Jessica is a cat.
Question: What is jessica afraid of?
Answer:"," mouse","nse aihirfS he.:ahs ad. edrteoGesss p sPi an uwesleavpi oeero eWfpeaaarg "
"Passage: Sheep are afraid of wolves.
Winona is a sheep.
Gertrude is a sheep.
Cats are afraid of mice.
Mice are afraid of sheep.
Wolves are afraid of cats.
Emily is a cat.
Jessica is a cat.
Question: What is jessica afraid of?
Answer:"," mouse","a heerhip  e.shseaeoiose vw en erPfriSg  ieWad p.fssoGaeuptned:aslarsa a "
"Passage: Wolves are afraid of sheep.
Emily is a wolf.
Sheep are afraid of mice.
Cats are afraid of wolves.
Mice are afraid of sheep.
Jessica is a mouse.
Gertrude is a cat.
Winona is a sheep.
Question: What is winona afraid of?
Answer:"," mouse","mvaieflefds sy  masrp p daahaai.a awgs.lerr fEie hr:Wsl Sei oe Poo oeaffe"
"Passage: Wolves are afraid of sheep.
Emily is a wolf.
Sheep are afraid of mice.
Cats are afraid of wolves.
Mice are afraid of sheep.
Jessica is a mouse.
Gertrude is a cat.
Winona is a sheep.
Question: What is gertrude afraid of?
Answer:"," wolf","e.pvre iaaasarai :fasayooldofedeew    S  WiiPgs  elaEofharfmmer eslhpfs. "
"Passage: Wolves are afraid of sheep.
Emily is a wolf.
Sheep are afraid of mice.
Cats are afraid of wolves.
Mice are afraid of sheep.
Jessica is a mouse.
Gertrude is a cat.
Winona is a sheep.
Question: What is gertrude afraid of?
Answer:"," wolf","awe:af l.epeeo igeiolai oSfhef.rPoamer aWaf  dsmfh ssvsr    aypadEas riel"
"Passage: Wolves are afraid of sheep.
Emily is a wolf.
Sheep are afraid of mice.
Cats are afraid of wolves.
Mice are afraid of sheep.
Jessica is a mouse.
Gertrude is a cat.
Winona is a sheep.
Question: What is jessica afraid of?
Answer:"," sheep","e iea.daPpS w oaslf gylf epasfromoi rr.hlv:a osseam aeaiaWeEf hfe sdi er "
"Passage: Mice are afraid of cats.
Cats are afraid of sheep.
Wolves are afraid of cats.
Winona is a cat.
Gertrude is a mouse.
Sheep are afraid of wolves.
Emily is a mouse.
Jessica is a wolf.
Question: What is gertrude afraid of?
Answer:"," cat","Wra .r seirfd:ieea eaerpasrdfalCa si oaeor easof aMssceaP .taa vfthca f g"
"Passage: Mice are afraid of cats.
Cats are afraid of sheep.
Wolves are afraid of cats.
Winona is a cat.
Gertrude is a mouse.
Sheep are afraid of wolves.
Emily is a mouse.
Jessica is a wolf.
Question: What is jessica afraid of?
Answer:"," cat","c  seapasoiC rf:fa vedaaaairca  fg dl rrsaWrP fe.ahs.aeeso Msta rioaetefe"
"Passage: Mice are afraid of cats.
Cats are afraid of sheep.
Wolves are afraid of cats.
Winona is a cat.
Gertrude is a mouse.
Sheep are afraid of wolves.
Emily is a mouse.
Jessica is a wolf.
Question: What is gertrude afraid of?
Answer:"," cat","iMa :. asaC d .a seeep o ag r sedaeloWrffscffeaatoPsiaraev irrhcfaaresta "
"Passage: Mice are afraid of cats.
Cats are afraid of sheep.
Wolves are afraid of cats.
Winona is a cat.
Gertrude is a mouse.
Sheep are afraid of wolves.
Emily is a mouse.
Jessica is a wolf.
Question: What is winona afraid of?
Answer:"," sheep","f aaadae arsaioe oaedsaresg Ph isfipa. Mst crfWslc:efara r.ear e tCoa vfe"
"Passage: Wolves are afraid of sheep.
Cats are afraid of wolves.
Gertrude is a wolf.
Sheep are afraid of cats.
Mice are afraid of cats.
Emily is a cat.
Winona is a cat.
Jessica is a cat.
Question: What is emily afraid of?
Answer:"," wolf","vlhrslsisgwtpfofserae saauP iavaraoe.eatei   srefe. aeGsr:a  odrCWe fd od"
"Passage: Wolves are afraid of sheep.
Cats are afraid of wolves.
Gertrude is a wolf.
Sheep are afraid of cats.
Mice are afraid of cats.
Emily is a cat.
Winona is a cat.
Jessica is a cat.
Question: What is winona afraid of?
Answer:"," wolf","taf aff:haePesodssivWo rrsCoevfeGr d a e. spe ls.elis wieuoraraaa aegd tr"
"Passage: Wolves are afraid of sheep.
Cats are afraid of wolves.
Gertrude is a wolf.
Sheep are afraid of cats.
Mice are afraid of cats.
Emily is a cat.
Winona is a cat.
Jessica is a cat.
Question: What is gertrude afraid of?
Answer:"," sheep","ae fCsafW f gi:pas ai a artdsf.esGe usrawrraeo esvalPhrvdoeoodier. t eels"
"Passage: Wolves are afraid of sheep.
Cats are afraid of wolves.
Gertrude is a wolf.
Sheep are afraid of cats.
Mice are afraid of cats.
Emily is a cat.
Winona is a cat.
Jessica is a cat.
Question: What is jessica afraid of?
Answer:"," wolf","eethsetsf.fs rpdlwvg serGWsra ee aPsoaieaeeof avd.aa  urr iaifC dsor:oal "
"Passage: Cats are afraid of sheep.
Sheep are afraid of wolves.
Winona is a sheep.
Jessica is a sheep.
Gertrude is a cat.
Wolves are afraid of mice.
Emily is a sheep.
Mice are afraid of cats.
Question: What is winona afraid of?
Answer:"," wolf","salhferroeiw dgs oh aafsfe SdaeiWs  t aranprape: anaoes.ee a C  osivf.iaP"
"Passage: Cats are afraid of sheep.
Sheep are afraid of wolves.
Winona is a sheep.
Jessica is a sheep.
Gertrude is a cat.
Wolves are afraid of mice.
Emily is a sheep.
Mice are afraid of cats.
Question: What is emily afraid of?
Answer:"," wolf","  stl rgoh n oe o iaserasvsW.anrafPese :fah iawSa spiddffe aai.or eaaeCpe"
"Passage: Cats are afraid of sheep.
Sheep are afraid of wolves.
Winona is a sheep.
Jessica is a sheep.
Gertrude is a cat.
Wolves are afraid of mice.
Emily is a sheep.
Mice are afraid of cats.
Question: What is gertrude afraid of?
Answer:"," sheep","r  ha d ei aseoofeep hgee p.si  faervsnt aaoeliaC.aw : naaisaosPrfraWdfsS"
"Passage: Cats are afraid of sheep.
Sheep are afraid of wolves.
Winona is a sheep.
Jessica is a sheep.
Gertrude is a cat.
Wolves are afraid of mice.
Emily is a sheep.
Mice are afraid of cats.
Question: What is emily afraid of?
Answer:"," wolf","aiaarnf   rw soapWePefea Sifh aCs.ersitfooeeedp: al.dsoaa ssha rgn  a evi"
"Passage: Sheep are afraid of mice.
Mice are afraid of wolves.
Wolves are afraid of mice.
Emily is a sheep.
Cats are afraid of wolves.
Jessica is a sheep.
Winona is a cat.
Gertrude is a wolf.
Question: What is winona afraid of?
Answer:"," wolf","e mge p.aclasfoaoM di aasad hoeerisfvre ec  wfeeaf  ae:rrioPWealaifsS v.r"
"Passage: Sheep are afraid of mice.
Mice are afraid of wolves.
Wolves are afraid of mice.
Emily is a sheep.
Cats are afraid of wolves.
Jessica is a sheep.
Winona is a cat.
Gertrude is a wolf.
Question: What is emily afraid of?
Answer:"," mouse","earafdf crid oielsoeefoe soaeamralSgsse waveai P vripac r eh..afaW  eMf :"
"Passage: Sheep are afraid of mice.
Mice are afraid of wolves.
Wolves are afraid of mice.
Emily is a sheep.
Cats are afraid of wolves.
Jessica is a sheep.
Winona is a cat.
Gertrude is a wolf.
Question: What is gertrude afraid of?
Answer:"," mouse","s imaeSf:shoarfaeeaoci.  sf  fa rge Poavei Mesar a rrl.lefadowWcaee evidp"
"Passage: Sheep are afraid of mice.
Mice are afraid of wolves.
Wolves are afraid of mice.
Emily is a sheep.
Cats are afraid of wolves.
Jessica is a sheep.
Winona is a cat.
Gertrude is a wolf.
Question: What is jessica afraid of?
Answer:"," mouse","elesfrigSa  car eiilfeMa evvd:eioesac aepah.ao ff we rPosamdreaa  W.sof r"
"Passage: Cats are afraid of mice.
Mice are afraid of cats.
Winona is a cat.
Emily is a mouse.
Wolves are afraid of mice.
Jessica is a wolf.
Sheep are afraid of cats.
Gertrude is a cat.
Question: What is emily afraid of?
Answer:"," cat","aa nafrmac.feiC tn.isa i caP oateWsce .a t dsersofirdasrai  oia:fac Mg ae"
"Passage: Cats are afraid of mice.
Mice are afraid of cats.
Winona is a cat.
Emily is a mouse.
Wolves are afraid of mice.
Jessica is a wolf.
Sheep are afraid of cats.
Gertrude is a cat.
Question: What is winona afraid of?
Answer:"," mouse","   Mn aaridraocafgPisa  d. imafWee att .iacison aaa : .cafrfsarteesCscoei"
"Passage: Cats are afraid of mice.
Mice are afraid of cats.
Winona is a cat.
Emily is a mouse.
Wolves are afraid of mice.
Jessica is a wolf.
Sheep are afraid of cats.
Gertrude is a cat.
Question: What is gertrude afraid of?
Answer:"," mouse","maCcs tietcaa tcsii offd.eM rcss  eea aaa W o:radso.fafiniair  egPaa rn.a"
"Passage: Cats are afraid of mice.
Mice are afraid of cats.
Winona is a cat.
Emily is a mouse.
Wolves are afraid of mice.
Jessica is a wolf.
Sheep are afraid of cats.
Gertrude is a cat.
Question: What is winona afraid of?
Answer:"," mouse","aats  afa nn ac i frrrida.sCWPsdMecaa  itsf focri:c asioeo.te.amegaa eai "
"Passage: Wolves are afraid of sheep.
Cats are afraid of wolves.
Emily is a wolf.
Sheep are afraid of mice.
Jessica is a cat.
Mice are afraid of wolves.
Gertrude is a wolf.
Winona is a cat.
Question: What is gertrude afraid of?
Answer:"," sheep","Ee aai asias :o.oo rime wsdsthaCff g  av yasarWs Pe liefoesr lvraelfd.aep"
"Passage: Wolves are afraid of sheep.
Cats are afraid of wolves.
Emily is a wolf.
Sheep are afraid of mice.
Jessica is a cat.
Mice are afraid of wolves.
Gertrude is a wolf.
Winona is a cat.
Question: What is winona afraid of?
Answer:"," wolf","a efP s.ae res   ewW oaaisafdvlfaeoo msipdeva.ihErsyrf ilotgr laC:sesa a "
"Passage: Wolves are afraid of sheep.
Cats are afraid of wolves.
Emily is a wolf.
Sheep are afraid of mice.
Jessica is a cat.
Mice are afraid of wolves.
Gertrude is a wolf.
Winona is a cat.
Question: What is jessica afraid of?
Answer:"," wolf","  rahws r iofratesoelaaefs s raP .psai. glaifm fleevWCde aiydoaasvoEe s: "
"Passage: Wolves are afraid of sheep.
Cats are afraid of wolves.
Emily is a wolf.
Sheep are afraid of mice.
Jessica is a cat.
Mice are afraid of wolves.
Gertrude is a wolf.
Winona is a cat.
Question: What is jessica afraid of?
Answer:"," wolf"," afga otimfeelvCfafddoe ashoE eoaepi rrlses v as. We:a ssa airrPwilsy. a "
"Passage: Sheep are afraid of cats.
Wolves are afraid of mice.
Mice are afraid of wolves.
Cats are afraid of wolves.
Jessica is a cat.
Winona is a mouse.
Gertrude is a sheep.
Emily is a mouse.
Question: What is gertrude afraid of?
Answer:"," cat","fehi:evrr P  eifse r dcsaoseSi c.aWfrafsircMoa  aeagea mlapatad a.reaefo "
"Passage: Sheep are afraid of cats.
Wolves are afraid of mice.
Mice are afraid of wolves.
Cats are afraid of wolves.
Jessica is a cat.
Winona is a mouse.
Gertrude is a sheep.
Emily is a mouse.
Question: What is winona afraid of?
Answer:"," wolf"," asarfde  aeiPdWear  eaarercaffapeas s viaaSm gers ocaoort.lf:ieMh . cief"
"Passage: Sheep are afraid of cats.
Wolves are afraid of mice.
Mice are afraid of wolves.
Cats are afraid of wolves.
Jessica is a cat.
Winona is a mouse.
Gertrude is a sheep.
Emily is a mouse.
Question: What is gertrude afraid of?
Answer:"," cat","iiaasP   efWasir ta ad.frr eeSacae oad f.oer a :pcrfeleehai eMfarscgasmvo"
"Passage: Sheep are afraid of cats.
Wolves are afraid of mice.
Mice are afraid of wolves.
Cats are afraid of wolves.
Jessica is a cat.
Winona is a mouse.
Gertrude is a sheep.
Emily is a mouse.
Question: What is emily afraid of?
Answer:"," wolf","el eevdaatfr r h ee refgcsaaWoar.a ia.mee a  sdprMi:o rsiafaaiPfcceS saof"
"Passage: Wolves are afraid of cats.
Jessica is a wolf.
Winona is a wolf.
Cats are afraid of wolves.
Sheep are afraid of wolves.
Mice are afraid of sheep.
Emily is a sheep.
Gertrude is a cat.
Question: What is winona afraid of?
Answer:"," cat","neo  s efwoegawolovC.fcoara ia if s rdia aaP :snsal ceisa.lsi WaJWsstf.a"
"Passage: Wolves are afraid of cats.
Jessica is a wolf.
Winona is a wolf.
Cats are afraid of wolves.
Sheep are afraid of wolves.
Mice are afraid of sheep.
Emily is a sheep.
Gertrude is a cat.
Question: What is jessica afraid of?
Answer:"," cat","rsrswdcoitCa.aliJaa oins g swaPaW:l aeass  esn  eoeaaf c oiff. ioaflv.Ws"
"Passage: Wolves are afraid of cats.
Jessica is a wolf.
Winona is a wolf.
Cats are afraid of wolves.
Sheep are afraid of wolves.
Mice are afraid of sheep.
Emily is a sheep.
Gertrude is a cat.
Question: What is gertrude afraid of?
Answer:"," wolf","e aa:o.raeosvPol J wsafasacfseacao a  .snsatglWiw. r nfiaWe iiCsoil sd f"
"Passage: Wolves are afraid of cats.
Jessica is a wolf.
Winona is a wolf.
Cats are afraid of wolves.
Sheep are afraid of wolves.
Mice are afraid of sheep.
Emily is a sheep.
Gertrude is a cat.
Question: What is winona afraid of?
Answer:"," cat","s l asJ.wifoa Wf lfcl sc ntoaoanieaari dPiosCsw garvs so fe..saeieaaWa :"
"Passage: Wolves are afraid of mice.
Winona is a wolf.
Jessica is a wolf.
Sheep are afraid of mice.
Mice are afraid of cats.
Emily is a mouse.
Cats are afraid of sheep.
Gertrude is a wolf.
Question: What is emily afraid of?
Answer:"," cat","iPsdf Jsrsh. .acfaewar WS ilanl.efW elowoi  afoeaav  scsaisg:mii noao es"
"Passage: Wolves are afraid of mice.
Winona is a wolf.
Jessica is a wolf.
Sheep are afraid of mice.
Mice are afraid of cats.
Emily is a mouse.
Cats are afraid of sheep.
Gertrude is a wolf.
Question: What is jessica afraid of?
Answer:"," mouse","sa e. vaoni iSlfs.sg ocaiscoewhJeiia noaa. fePl ls aa rsao WWesmw:fir fd"
"Passage: Wolves are afraid of mice.
Winona is a wolf.
Jessica is a wolf.
Sheep are afraid of mice.
Mice are afraid of cats.
Emily is a mouse.
Cats are afraid of sheep.
Gertrude is a wolf.
Question: What is emily afraid of?
Answer:"," cat","owwisoacsreJee anirfas a  SWfdea:llW s. aa..fiof nv maieihs  sisag cloPo"
"Passage: Wolves are afraid of mice.
Winona is a wolf.
Jessica is a wolf.
Sheep are afraid of mice.
Mice are afraid of cats.
Emily is a mouse.
Cats are afraid of sheep.
Gertrude is a wolf.
Question: What is emily afraid of?
Answer:"," cat","  elefWas asfr:lW wPSsof a.ni saino. ims sfgrvcwldeaae  sJoha.ocia ioiea"
"Passage: Wolves are afraid of mice.
Mice are afraid of cats.
Sheep are afraid of wolves.
Emily is a mouse.
Jessica is a mouse.
Gertrude is a mouse.
Cats are afraid of sheep.
Winona is a mouse.
Question: What is winona afraid of?
Answer:"," cat","aaWgafarsreooii  ars pe Mrareaef aisaslh m  dieato.v. cafrecPcfafSe : ede"
"Passage: Wolves are afraid of mice.
Mice are afraid of cats.
Sheep are afraid of wolves.
Emily is a mouse.
Jessica is a mouse.
Gertrude is a mouse.
Cats are afraid of sheep.
Winona is a mouse.
Question: What is winona afraid of?
Answer:"," cat","icorsoWvrrs acf:ad e   alfheare daaseercag oiea.a.sefaf eMaieati Spm Pr f"
"Passage: Wolves are afraid of mice.
Mice are afraid of cats.
Sheep are afraid of wolves.
Emily is a mouse.
Jessica is a mouse.
Gertrude is a mouse.
Cats are afraid of sheep.
Winona is a mouse.
Question: What is winona afraid of?
Answer:"," cat","vrsdf Metcafa r asear.craeeieamhPe.l asraeW gfS:scoe   adfeifa aooia rip "
"Passage: Wolves are afraid of mice.
Mice are afraid of cats.
Sheep are afraid of wolves.
Emily is a mouse.
Jessica is a mouse.
Gertrude is a mouse.
Cats are afraid of sheep.
Winona is a mouse.
Question: What is jessica afraid of?
Answer:"," cat","igfi  arr rcsefaaeM. l srrifpdsm dSa f.eiefsoc: ora aPeacheeaeaWoaatave  "
"Passage: Mice are afraid of wolves.
Jessica is a mouse.
Wolves are afraid of cats.
Gertrude is a wolf.
Sheep are afraid of cats.
Emily is a mouse.
Cats are afraid of mice.
Winona is a cat.
Question: What is winona afraid of?
Answer:"," mouse","iaserem. sa Wdoiac cll ofieeiPoa.s a aaiefvesaa es:fv e drwsgosJuarr  osM"
"Passage: Mice are afraid of wolves.
Jessica is a mouse.
Wolves are afraid of cats.
Gertrude is a wolf.
Sheep are afraid of cats.
Emily is a mouse.
Cats are afraid of mice.
Winona is a cat.
Question: What is emily afraid of?
Answer:"," wolf","v araaoeaaeoi uPsisaegelaa ede oor M cimJe s iWfossl:s ssfv.cf. dararwei "
"Passage: Mice are afraid of wolves.
Jessica is a mouse.
Wolves are afraid of cats.
Gertrude is a wolf.
Sheep are afraid of cats.
Emily is a mouse.
Cats are afraid of mice.
Winona is a cat.
Question: What is jessica afraid of?
Answer:"," wolf",".sov sWf.ewseoesvil  arae  rau fio:crs eeo ead csaMi rifeJagdaaPasmsia ol"
"Passage: Mice are afraid of wolves.
Jessica is a mouse.
Wolves are afraid of cats.
Gertrude is a wolf.
Sheep are afraid of cats.
Emily is a mouse.
Cats are afraid of mice.
Winona is a cat.
Question: What is jessica afraid of?
Answer:"," wolf",":.s  ds iceweiaideerooalsfg Ps saaiJav. Woarssaoe  orvru sia f mlMcafeeea"
"Passage: Mice are afraid of sheep.
Cats are afraid of mice.
Wolves are afraid of mice.
Emily is a cat.
Jessica is a cat.
Winona is a wolf.
Sheep are afraid of cats.
Gertrude is a mouse.
Question: What is emily afraid of?
Answer:"," mouse","oasiaraMaee gac: Wta e aia.a erpisd me crColdffarvsaeroP ira efeh.fs f es"
"Passage: Mice are afraid of sheep.
Cats are afraid of mice.
Wolves are afraid of mice.
Emily is a cat.
Jessica is a cat.
Winona is a wolf.
Sheep are afraid of cats.
Gertrude is a mouse.
Question: What is jessica afraid of?
Answer:"," mouse","lWhrprfeao   ifamavtas oa oacgeaaiee  rs. Cifc.rPraseaafds e r eeeidfasM:"
"Passage: Mice are afraid of sheep.
Cats are afraid of mice.
Wolves are afraid of mice.
Emily is a cat.
Jessica is a cat.
Winona is a wolf.
Sheep are afraid of cats.
Gertrude is a mouse.
Question: What is gertrude afraid of?
Answer:"," sheep","vf  e . ot seil .aarrcM eaWsfframrasr hadipPdcfeareeaaaiosgs o : Ceefaeia"
"Passage: Mice are afraid of sheep.
Cats are afraid of mice.
Wolves are afraid of mice.
Emily is a cat.
Jessica is a cat.
Winona is a wolf.
Sheep are afraid of cats.
Gertrude is a mouse.
Question: What is gertrude afraid of?
Answer:"," sheep","ce:aP oM cserah Ceaaeai eaf.glerafa  easeaoWs i dra.dsfpr sroiertvf af mi"
"Passage: Mice are afraid of sheep.
Gertrude is a mouse.
Cats are afraid of mice.
Wolves are afraid of mice.
Jessica is a cat.
Emily is a mouse.
Winona is a cat.
Sheep are afraid of cats.
Question: What is emily afraid of?
Answer:"," sheep","aur i aimcaiGspg aeCeaos ardaMero f aiasedefre.  aeehtdter :s fo fusrP s."
"Passage: Mice are afraid of sheep.
Gertrude is a mouse.
Cats are afraid of mice.
Wolves are afraid of mice.
Jessica is a cat.
Emily is a mouse.
Winona is a cat.
Sheep are afraid of cats.
Question: What is winona afraid of?
Answer:"," mouse","iam d oo ePri aaeeragat.as ehef sMasr esrsdtaC ei ofdafpuiu Garre.e  :fcs"
"Passage: Mice are afraid of sheep.
Gertrude is a mouse.
Cats are afraid of mice.
Wolves are afraid of mice.
Jessica is a cat.
Emily is a mouse.
Winona is a cat.
Sheep are afraid of cats.
Question: What is jessica afraid of?
Answer:"," mouse","sr aoCefr aifd:ati.areahi MeeeaaGsceef. isp drem uu as df rgosarP oes t a"
"Passage: Mice are afraid of sheep.
Gertrude is a mouse.
Cats are afraid of mice.
Wolves are afraid of mice.
Jessica is a cat.
Emily is a mouse.
Winona is a cat.
Sheep are afraid of cats.
Question: What is gertrude afraid of?
Answer:"," sheep","edisaerai fof tefeasmhusssrcoaMg d :f p oaGi re.a.aar r e di C euePtaeasr"
"Passage: Sheep are afraid of mice.
Wolves are afraid of sheep.
Gertrude is a sheep.
Cats are afraid of wolves.
Jessica is a sheep.
Emily is a cat.
Winona is a wolf.
Mice are afraid of sheep.
Question: What is gertrude afraid of?
Answer:"," mouse","ef  Wr hs.as e tlaffpaeie:epmvrsaud rr eGeag hocefsP.sa eerodieao ad iirS"
"Passage: Sheep are afraid of mice.
Wolves are afraid of sheep.
Gertrude is a sheep.
Cats are afraid of wolves.
Jessica is a sheep.
Emily is a cat.
Winona is a wolf.
Mice are afraid of sheep.
Question: What is gertrude afraid of?
Answer:"," mouse","ePsriedhfsmr e. sahaeefe csteil de r auos:frpogdoaaer. afS rv aieepWai G "
"Passage: Sheep are afraid of mice.
Wolves are afraid of sheep.
Gertrude is a sheep.
Cats are afraid of wolves.
Jessica is a sheep.
Emily is a cat.
Winona is a wolf.
Mice are afraid of sheep.
Question: What is emily afraid of?
Answer:"," wolf","eifrrrr pe  a selr:e.emaooeufdfaa eftoieahss ivPcadeGesWs  hpaiSedgr a . "
"Passage: Sheep are afraid of mice.
Wolves are afraid of sheep.
Gertrude is a sheep.
Cats are afraid of wolves.
Jessica is a sheep.
Emily is a cat.
Winona is a wolf.
Mice are afraid of sheep.
Question: What is jessica afraid of?
Answer:"," mouse","P  ece esue eera:efapp sh a raeaa sd rrdhfgotoasf afiimreliev.SesGriod W."
"Passage: Cats are afraid of mice.
Mice are afraid of sheep.
Wolves are afraid of cats.
Sheep are afraid of wolves.
Jessica is a mouse.
Gertrude is a mouse.
Winona is a cat.
Emily is a mouse.
Question: What is winona afraid of?
Answer:"," mouse","ss aWarfarm:scaahCete.orei   iacf ofaefddgrMaearrv p  ia oeef l sasaei.Pe"
"Passage: Cats are afraid of mice.
Mice are afraid of sheep.
Wolves are afraid of cats.
Sheep are afraid of wolves.
Jessica is a mouse.
Gertrude is a mouse.
Winona is a cat.
Emily is a mouse.
Question: What is jessica afraid of?
Answer:"," sheep","scfP : as o.aarfeas  tmaeaogapidefae ovalc   Wieaairs efiherCaed srrefr.M"
"Passage: Cats are afraid of mice.
Mice are afraid of sheep.
Wolves are afraid of cats.
Sheep are afraid of wolves.
Jessica is a mouse.
Gertrude is a mouse.
Winona is a cat.
Emily is a mouse.
Question: What is gertrude afraid of?
Answer:"," sheep"," Cfa:df aeiMhgpraacs a.aes er cWvreaefeoarr oPiai.o f ltsr sdefe  eamisaa"
"Passage: Cats are afraid of mice.
Mice are afraid of sheep.
Wolves are afraid of cats.
Sheep are afraid of wolves.
Jessica is a mouse.
Gertrude is a mouse.
Winona is a cat.
Emily is a mouse.
Question: What is emily afraid of?
Answer:"," sheep","ft gefd  vomeff oipaarraae e.erai oasc r eMi.siesCaP: rrfl ehWsseaa daaac"
"Passage: Cats are afraid of mice.
Mice are afraid of cats.
Sheep are afraid of wolves.
Winona is a cat.
Gertrude is a cat.
Jessica is a sheep.
Emily is a mouse.
Wolves are afraid of sheep.
Question: What is jessica afraid of?
Answer:"," wolf","ao fiaaa i. dtefSa a.ap ceCmrrfaarh:dds reiaP M eeeier s rcssaacfef tgoai"
"Passage: Cats are afraid of mice.
Mice are afraid of cats.
Sheep are afraid of wolves.
Winona is a cat.
Gertrude is a cat.
Jessica is a sheep.
Emily is a mouse.
Wolves are afraid of sheep.
Question: What is emily afraid of?
Answer:"," cat","e h tfeeirffa dMa  .:daCooaefai msceraf asaarSied  grraeiPe ccsatsa. pira"
"Passage: Cats are afraid of mice.
Mice are afraid of cats.
Sheep are afraid of wolves.
Winona is a cat.
Gertrude is a cat.
Jessica is a sheep.
Emily is a mouse.
Wolves are afraid of sheep.
Question: What is winona afraid of?
Answer:"," mouse","sc.tCaco   sarP am.f ee aaia Mafrrsaiieoahdacd  s:rrdefeea  egaariepSfift"
"Passage: Cats are afraid of mice.
Mice are afraid of cats.
Sheep are afraid of wolves.
Winona is a cat.
Gertrude is a cat.
Jessica is a sheep.
Emily is a mouse.
Wolves are afraid of sheep.
Question: What is winona afraid of?
Answer:"," mouse","f efeiiampirida .d reta eda o :ar fPre oMCS afrchra.tcgiacefeasaasss aae "
"Passage: Mice are afraid of sheep.
Cats are afraid of mice.
Wolves are afraid of mice.
Emily is a wolf.
Winona is a wolf.
Gertrude is a cat.
Sheep are afraid of mice.
Jessica is a mouse.
Question: What is winona afraid of?
Answer:"," mouse","mhtii aa grerMaaras id Pcfeaof.ssops:Cf ral s ore av iec Weef.rafeaa eade"
"Passage: Mice are afraid of sheep.
Cats are afraid of mice.
Wolves are afraid of mice.
Emily is a wolf.
Winona is a wolf.
Gertrude is a cat.
Sheep are afraid of mice.
Jessica is a mouse.
Question: What is emily afraid of?
Answer:"," mouse","aegrearea vPWai  edat eaoaeaem rr eefisscCf ros aif Mlc a.d: .fohirapsafs"
"Passage: Mice are afraid of sheep.
Cats are afraid of mice.
Wolves are afraid of mice.
Emily is a wolf.
Winona is a wolf.
Gertrude is a cat.
Sheep are afraid of mice.
Jessica is a mouse.
Question: What is gertrude afraid of?
Answer:"," mouse","oW Mg r aC dfrhrs aaaaa  ffo rfrPeaepiafemeiaelae.vte:  c.crsaisos aeidse"
"Passage: Mice are afraid of sheep.
Cats are afraid of mice.
Wolves are afraid of mice.
Emily is a wolf.
Winona is a wolf.
Gertrude is a cat.
Sheep are afraid of mice.
Jessica is a mouse.
Question: What is gertrude afraid of?
Answer:"," mouse",":rrscar eeefad ra ah.aeWep eceaf P Mssafalo.aoad Cvise stffemoaar riig  i"
"Passage: Sheep are afraid of mice.
Winona is a sheep.
Mice are afraid of wolves.
Jessica is a mouse.
Cats are afraid of mice.
Wolves are afraid of sheep.
Emily is a cat.
Gertrude is a wolf.
Question: What is jessica afraid of?
Answer:"," wolf","nscPcSardsf. oa aiaiepea oeh eif.d  ee aarrh  eawMsor s mgfefin W:eoipiaa"
"Passage: Sheep are afraid of mice.
Winona is a sheep.
Mice are afraid of wolves.
Jessica is a mouse.
Cats are afraid of mice.
Wolves are afraid of sheep.
Emily is a cat.
Gertrude is a wolf.
Question: What is emily afraid of?
Answer:"," mouse","idsei:amc.a  enireaSWi aa poseopenareseh.hoer seg ffra ifaa  Pwd  coa fiM"
"Passage: Sheep are afraid of mice.
Winona is a sheep.
Mice are afraid of wolves.
Jessica is a mouse.
Cats are afraid of mice.
Wolves are afraid of sheep.
Emily is a cat.
Gertrude is a wolf.
Question: What is winona afraid of?
Answer:"," mouse","iae.dm p : e   ioeiheaapoiWdefeaaePa nci grosr fnfsh aseawre.rsaif aSMco "
"Passage: Sheep are afraid of mice.
Winona is a sheep.
Mice are afraid of wolves.
Jessica is a mouse.
Cats are afraid of mice.
Wolves are afraid of sheep.
Emily is a cat.
Gertrude is a wolf.
Question: What is winona afraid of?
Answer:"," mouse","aowefs iMe ds aae fSisgemifWenaa .ia po:anoserPa pr ae fdh irreeaci o. hc"
"Passage: Cats are afraid of sheep.
Wolves are afraid of cats.
Mice are afraid of sheep.
Sheep are afraid of cats.
Gertrude is a mouse.
Emily is a wolf.
Winona is a mouse.
Jessica is a mouse.
Question: What is jessica afraid of?
Answer:"," sheep"," fe ea.tr sorefeftrW:.s  P daa eafhoascagM rvsr  aCediaisraoapaslai aceef"
"Passage: Cats are afraid of sheep.
Wolves are afraid of cats.
Mice are afraid of sheep.
Sheep are afraid of cats.
Gertrude is a mouse.
Emily is a wolf.
Winona is a mouse.
Jessica is a mouse.
Question: What is winona afraid of?
Answer:"," sheep","ils raMaCte eso sP: a ioefgec esrfeahs a sfiadrarad o arW.vt.f aferaapaec"
"Passage: Cats are afraid of sheep.
Wolves are afraid of cats.
Mice are afraid of sheep.
Sheep are afraid of cats.
Gertrude is a mouse.
Emily is a wolf.
Winona is a mouse.
Jessica is a mouse.
Question: What is gertrude afraid of?
Answer:"," sheep","aaia aarMreWais aaosfco  asf    Peer vdefatlsce rsos Cdirg:ahtaere.fafp.e"
"Passage: Cats are afraid of sheep.
Wolves are afraid of cats.
Mice are afraid of sheep.
Sheep are afraid of cats.
Gertrude is a mouse.
Emily is a wolf.
Winona is a mouse.
Jessica is a mouse.
Question: What is gertrude afraid of?
Answer:"," sheep","sveerW  .fiMesfsc p aeeiscao oafisrlg rhdear rtee  a:saaaaa.taf  oradafCP"
"Passage: Wolves are afraid of sheep.
Mice are afraid of cats.
Gertrude is a mouse.
Cats are afraid of sheep.
Jessica is a cat.
Emily is a mouse.
Winona is a mouse.
Sheep are afraid of cats.
Question: What is jessica afraid of?
Answer:"," sheep","oepW .e aa rf  rMradderaPeag  oi.ls ufi ec:eeGffsati isahoersa srdcsaaetv"
"Passage: Wolves are afraid of sheep.
Mice are afraid of cats.
Gertrude is a mouse.
Cats are afraid of sheep.
Jessica is a cat.
Emily is a mouse.
Winona is a mouse.
Sheep are afraid of cats.
Question: What is winona afraid of?
Answer:"," cat","Gs fig. t:er   eavari.irldfaeaasPd dupsa fc esWcaseioroohe s rraetfeMaae "
"Passage: Wolves are afraid of sheep.
Mice are afraid of cats.
Gertrude is a mouse.
Cats are afraid of sheep.
Jessica is a cat.
Emily is a mouse.
Winona is a mouse.
Sheep are afraid of cats.
Question: What is gertrude afraid of?
Answer:"," cat","aeetse eacg di rsafr rfteli Pe de asdesas.h.:frfa MuWcasio vGoe aripa ora"
"Passage: Wolves are afraid of sheep.
Mice are afraid of cats.
Gertrude is a mouse.
Cats are afraid of sheep.
Jessica is a cat.
Emily is a mouse.
Winona is a mouse.
Sheep are afraid of cats.
Question: What is emily afraid of?
Answer:"," cat"," sertaae rtM  gcasesi.s voiihe dG eecasaarpaPlfdWiru f ree:oa osea rffad."
"Passage: Wolves are afraid of mice.
Mice are afraid of wolves.
Sheep are afraid of cats.
Cats are afraid of mice.
Emily is a wolf.
Jessica is a wolf.
Gertrude is a cat.
Winona is a sheep.
Question: What is jessica afraid of?
Answer:"," mouse","oedaisemwolgfideh afieSo.:s a  ere. f evlMP acr recaiaarosWa  vf epasearf"
"Passage: Wolves are afraid of mice.
Mice are afraid of wolves.
Sheep are afraid of cats.
Cats are afraid of mice.
Emily is a wolf.
Jessica is a wolf.
Gertrude is a cat.
Winona is a sheep.
Question: What is jessica afraid of?
Answer:"," mouse",".oolriweev avWd  a sa a fcr:ersofrPfl ed oSeapa.iiae Miegrcmese s hafaefa"
"Passage: Wolves are afraid of mice.
Mice are afraid of wolves.
Sheep are afraid of cats.
Cats are afraid of mice.
Emily is a wolf.
Jessica is a wolf.
Gertrude is a cat.
Winona is a sheep.
Question: What is winona afraid of?
Answer:"," cat","e rPedavafmsaehf:croaeolagsr eaMsivfascfe efr  e lowe iWaadap ro .ii. Se "
"Passage: Wolves are afraid of mice.
Mice are afraid of wolves.
Sheep are afraid of cats.
Cats are afraid of mice.
Emily is a wolf.
Jessica is a wolf.
Gertrude is a cat.
Winona is a sheep.
Question: What is gertrude afraid of?
Answer:"," mouse","e ce ofafvfaS ad   lifeeeMilrrrasPgrosoesmi rs.ah. eafa:aaeivcW de epo aw"
"Passage: Cats are afraid of wolves.
Jessica is a cat.
Mice are afraid of cats.
Wolves are afraid of cats.
Sheep are afraid of wolves.
Winona is a sheep.
Emily is a sheep.
Gertrude is a wolf.
Question: What is emily afraid of?
Answer:"," wolf","i o caCadf aovegessasco asi  trsi. acrlataa d recMeir Pawea.ai sJ:fes faf"
"Passage: Cats are afraid of wolves.
Jessica is a cat.
Mice are afraid of cats.
Wolves are afraid of cats.
Sheep are afraid of wolves.
Winona is a sheep.
Emily is a sheep.
Gertrude is a wolf.
Question: What is jessica afraid of?
Answer:"," wolf","fc. os icraa fasta aiJwtia  d a :aola aaPsCfMacdiv frei s csoeeasseeerr.g"
"Passage: Cats are afraid of wolves.
Jessica is a cat.
Mice are afraid of cats.
Wolves are afraid of cats.
Sheep are afraid of wolves.
Winona is a sheep.
Emily is a sheep.
Gertrude is a wolf.
Question: What is gertrude afraid of?
Answer:"," cat"," i sJ aof eciaoM:arvsadearf eorwig.ccstsP affC siaae a i. scetr eada laas"
"Passage: Cats are afraid of wolves.
Jessica is a cat.
Mice are afraid of cats.
Wolves are afraid of cats.
Sheep are afraid of wolves.
Winona is a sheep.
Emily is a sheep.
Gertrude is a wolf.
Question: What is jessica afraid of?
Answer:"," wolf","ssaseacia rtssafo oft.  dal aef rsoa racfcea aeiCriPMgJad isa ewva  eic:."
"Passage: Sheep are afraid of mice.
Mice are afraid of sheep.
Gertrude is a sheep.
Cats are afraid of wolves.
Winona is a sheep.
Emily is a mouse.
Wolves are afraid of cats.
Jessica is a sheep.
Question: What is emily afraid of?
Answer:"," sheep","fi.Sfra  pmc osidas dur  e:eGhefirai.gae f  aPr sMptea eecideoreraae heas"
"Passage: Sheep are afraid of mice.
Mice are afraid of sheep.
Gertrude is a sheep.
Cats are afraid of wolves.
Winona is a sheep.
Emily is a mouse.
Wolves are afraid of cats.
Jessica is a sheep.
Question: What is winona afraid of?
Answer:"," mouse","aaffsa goirsa h G :oe.aeSrped eu ei d ds hrceat .Prefarirpe  iamsaeieecfM"
"Passage: Sheep are afraid of mice.
Mice are afraid of sheep.
Gertrude is a sheep.
Cats are afraid of wolves.
Winona is a sheep.
Emily is a mouse.
Wolves are afraid of cats.
Jessica is a sheep.
Question: What is emily afraid of?
Answer:"," sheep","rfashegiecee d. ar sa: SGfieepiapePoede rsri teuhr  a aeMf doarcs ia mf.a"
"Passage: Sheep are afraid of mice.
Mice are afraid of sheep.
Gertrude is a sheep.
Cats are afraid of wolves.
Winona is a sheep.
Emily is a mouse.
Wolves are afraid of cats.
Jessica is a sheep.
Question: What is gertrude afraid of?
Answer:"," mouse",".iuaeereSa sdsrs i.dMerGP caiaaiepsf:fgrfea  ehieea horf e dt cpar oe m a"
"Passage: Cats are afraid of wolves.
Mice are afraid of cats.
Winona is a cat.
Wolves are afraid of sheep.
Sheep are afraid of cats.
Jessica is a wolf.
Emily is a sheep.
Gertrude is a cat.
Question: What is jessica afraid of?
Answer:"," sheep","iof aela:c ffrit araCcieaesWrMsaoa  ofdP ias.w.vsetgsao  n cindra  aasae "
"Passage: Cats are afraid of wolves.
Mice are afraid of cats.
Winona is a cat.
Wolves are afraid of sheep.
Sheep are afraid of cats.
Jessica is a wolf.
Emily is a sheep.
Gertrude is a cat.
Question: What is winona afraid of?
Answer:"," wolf","vfttaisW ardssao oiCana.rnacargiofMeiaf  ea a c. c:es lfP  aisor  daewsea"
"Passage: Cats are afraid of wolves.
Mice are afraid of cats.
Winona is a cat.
Wolves are afraid of sheep.
Sheep are afraid of cats.
Jessica is a wolf.
Emily is a sheep.
Gertrude is a cat.
Question: What is jessica afraid of?
Answer:"," sheep","l caP afaaiersorinred  airs w aCs ifa va.c sWM aaasoffitaostge.one:ea  dc"
"Passage: Cats are afraid of wolves.
Mice are afraid of cats.
Winona is a cat.
Wolves are afraid of sheep.
Sheep are afraid of cats.
Jessica is a wolf.
Emily is a sheep.
Gertrude is a cat.
Question: What is gertrude afraid of?
Answer:"," wolf"," na ioeoaoseMai  ndfs  av:a wCgl rrosaseafs  r.dcfWcasati eP iefitca.raaa"
"Passage: Cats are afraid of sheep.
Mice are afraid of cats.
Wolves are afraid of mice.
Gertrude is a mouse.
Winona is a mouse.
Sheep are afraid of mice.
Jessica is a sheep.
Emily is a cat.
Question: What is emily afraid of?
Answer:"," sheep","l sso araeerc it oirfvMadeheaisa gf. sWarCsaafcrt:eesf. pf  aeaePa aodr a"
"Passage: Cats are afraid of sheep.
Mice are afraid of cats.
Wolves are afraid of mice.
Gertrude is a mouse.
Winona is a mouse.
Sheep are afraid of mice.
Jessica is a sheep.
Emily is a cat.
Question: What is jessica afraid of?
Answer:"," mouse","arcMf  ssoafes t rfcavolas  dehia.a C ragafifisdpa ee Ptera a:aeeWoesrra."
"Passage: Cats are afraid of sheep.
Mice are afraid of cats.
Wolves are afraid of mice.
Gertrude is a mouse.
Winona is a mouse.
Sheep are afraid of mice.
Jessica is a sheep.
Emily is a cat.
Question: What is gertrude afraid of?
Answer:"," cat","sli svffr  aee a d aaaac.eP.o oCrpfra Maserhsee Wafacaoasd:gstetir i refa"
"Passage: Cats are afraid of sheep.
Mice are afraid of cats.
Wolves are afraid of mice.
Gertrude is a mouse.
Winona is a mouse.
Sheep are afraid of mice.
Jessica is a sheep.
Emily is a cat.
Question: What is jessica afraid of?
Answer:"," mouse","ia rsafi:iWesPro grdfoeecleaaha a  vfersoerM caeatfa.  aaaets rC  spasf.d"
"Passage: Mice are afraid of cats.
Winona is a mouse.
Sheep are afraid of wolves.
Wolves are afraid of cats.
Gertrude is a mouse.
Emily is a mouse.
Cats are afraid of sheep.
Jessica is a cat.
Question: What is emily afraid of?
Answer:"," cat","nPiaieho oceprasSe i faW da wtffae.aan eoaerssaMm :fr.casoag e  iosr  diu"
"Passage: Mice are afraid of cats.
Winona is a mouse.
Sheep are afraid of wolves.
Wolves are afraid of cats.
Gertrude is a mouse.
Emily is a mouse.
Cats are afraid of sheep.
Jessica is a cat.
Question: What is winona afraid of?
Answer:"," cat","d:c  o amaai.aiSgWsoeora  Maooef si a taanfeefswsh.andfu rres ePar pcii e"
"Passage: Mice are afraid of cats.
Winona is a mouse.
Sheep are afraid of wolves.
Wolves are afraid of cats.
Gertrude is a mouse.
Emily is a mouse.
Cats are afraid of sheep.
Jessica is a cat.
Question: What is jessica afraid of?
Answer:"," sheep",".cf e ard aorre.o  ieg:nP  e assdMaaefesaStafwma eisfupc ohsarWi aiooi na"
"Passage: Mice are afraid of cats.
Winona is a mouse.
Sheep are afraid of wolves.
Wolves are afraid of cats.
Gertrude is a mouse.
Emily is a mouse.
Cats are afraid of sheep.
Jessica is a cat.
Question: What is jessica afraid of?
Answer:"," sheep","Mamrde  eu:eoarao affcafePwoanasd. ae  iptfoshiis c   .WraroaSssgeiae ni "
"Passage: Mice are afraid of sheep.
Wolves are afraid of mice.
Cats are afraid of wolves.
Jessica is a cat.
Sheep are afraid of mice.
Winona is a wolf.
Gertrude is a cat.
Emily is a sheep.
Question: What is jessica afraid of?
Answer:"," wolf","rr ae .aras.vah eeeiea  dspfi rceotMas a lrg Pca rafofWafedoesfimaasieC :"
"Passage: Mice are afraid of sheep.
Wolves are afraid of mice.
Cats are afraid of wolves.
Jessica is a cat.
Sheep are afraid of mice.
Winona is a wolf.
Gertrude is a cat.
Emily is a sheep.
Question: What is gertrude afraid of?
Answer:"," wolf",":ioa egffs   sodiaehicmlevd.aeafaeto sfPa s raeriaa aMae fcprrsWC .raer e"
"Passage: Mice are afraid of sheep.
Wolves are afraid of mice.
Cats are afraid of wolves.
Jessica is a cat.
Sheep are afraid of mice.
Winona is a wolf.
Gertrude is a cat.
Emily is a sheep.
Question: What is winona afraid of?
Answer:"," mouse","aaies:eafC  Pashierrfo esl r e Mc er d pfarifst.r gefaeaaoevcd.ms Waaaiao"
"Passage: Mice are afraid of sheep.
Wolves are afraid of mice.
Cats are afraid of wolves.
Jessica is a cat.
Sheep are afraid of mice.
Winona is a wolf.
Gertrude is a cat.
Emily is a sheep.
Question: What is jessica afraid of?
Answer:"," wolf","eeacsa  ff pareafsta.a : o  grolo seC c.rsi efdsi eearMmiaaWaedahiPvrrefa"
"Passage: Wolves are afraid of sheep.
Winona is a wolf.
Mice are afraid of wolves.
Cats are afraid of wolves.
Gertrude is a wolf.
Emily is a wolf.
Sheep are afraid of mice.
Jessica is a cat.
Question: What is jessica afraid of?
Answer:"," wolf","rarfrwfa n  lagf oweisclsdoa Wenrahe aosfW.:dsaa a. e feeiMsapvP oe iii o"
"Passage: Wolves are afraid of sheep.
Winona is a wolf.
Mice are afraid of wolves.
Cats are afraid of wolves.
Gertrude is a wolf.
Emily is a wolf.
Sheep are afraid of mice.
Jessica is a cat.
Question: What is jessica afraid of?
Answer:"," wolf"," .aafi  soMWiorlffWor  dphesiae:on elsia eeiwf.aa rg avnsasrw afceaPde  o"
"Passage: Wolves are afraid of sheep.
Winona is a wolf.
Mice are afraid of wolves.
Cats are afraid of wolves.
Gertrude is a wolf.
Emily is a wolf.
Sheep are afraid of mice.
Jessica is a cat.
Question: What is gertrude afraid of?
Answer:"," sheep"," sPv if eas sww efdoplaleahrceaa aa a :fn.rdgoWnfef  iWro eisioirs eMa.oa"
"Passage: Wolves are afraid of sheep.
Winona is a wolf.
Mice are afraid of wolves.
Cats are afraid of wolves.
Gertrude is a wolf.
Emily is a wolf.
Sheep are afraid of mice.
Jessica is a cat.
Question: What is winona afraid of?
Answer:"," sheep","iiaiW hla.eaf:eo drsn o wa efceeaWis rP aoe  soraefo agw  apdsiarsf.vfnMl"
"Passage: Cats are afraid of mice.
Gertrude is a cat.
Sheep are afraid of cats.
Wolves are afraid of sheep.
Winona is a cat.
Mice are afraid of sheep.
Jessica is a wolf.
Emily is a sheep.
Question: What is jessica afraid of?
Answer:"," sheep","re Psemfa opfgs irc fata r oauh:aa aiaecr .d aareestaSsr.fGt ciidaeee Cd "
"Passage: Cats are afraid of mice.
Gertrude is a cat.
Sheep are afraid of cats.
Wolves are afraid of sheep.
Winona is a cat.
Mice are afraid of sheep.
Jessica is a wolf.
Emily is a sheep.
Question: What is emily afraid of?
Answer:"," cat","scoeadaeiiSCet shac rf .faaeafPse r eG  em rarga.titp adrea raoc udfa i:s"
"Passage: Cats are afraid of mice.
Gertrude is a cat.
Sheep are afraid of cats.
Wolves are afraid of sheep.
Winona is a cat.
Mice are afraid of sheep.
Jessica is a wolf.
Emily is a sheep.
Question: What is emily afraid of?
Answer:"," cat","eee  rShao.G msrffea.scaaea arii dettdpa Pa   ig :saortacrraefaei Cdc ufs"
"Passage: Cats are afraid of mice.
Gertrude is a cat.
Sheep are afraid of cats.
Wolves are afraid of sheep.
Winona is a cat.
Mice are afraid of sheep.
Jessica is a wolf.
Emily is a sheep.
Question: What is emily afraid of?
Answer:"," cat","re prr.d a a afe:hCPGircSd fmesat gaiauta ei caaea.r od eifsoresc sefata "
"Passage: Cats are afraid of wolves.
Sheep are afraid of wolves.
Mice are afraid of sheep.
Jessica is a sheep.
Winona is a sheep.
Wolves are afraid of mice.
Emily is a wolf.
Gertrude is a wolf.
Question: What is gertrude afraid of?
Answer:"," mouse","foc feMsapfsoro rg  itorlssdes eh:Caa.rwdPelfavaaeiSi e a a fa.rweaveae  "
"Passage: Cats are afraid of wolves.
Sheep are afraid of wolves.
Mice are afraid of sheep.
Jessica is a sheep.
Winona is a sheep.
Wolves are afraid of mice.
Emily is a wolf.
Gertrude is a wolf.
Question: What is jessica afraid of?
Answer:"," wolf","rP aer gaetsfasl psf Mow laavi:eddeiaifca.eC aef feear.wo o h eSsrrsvao a"
"Passage: Cats are afraid of wolves.
Sheep are afraid of wolves.
Mice are afraid of sheep.
Jessica is a sheep.
Winona is a sheep.
Wolves are afraid of mice.
Emily is a wolf.
Gertrude is a wolf.
Question: What is emily afraid of?
Answer:"," mouse","rfMvhr psvlafr ws oea Casao:srfo  acdgeoSaede it ee aaeP  ef.aei.aalifrws"
"Passage: Cats are afraid of wolves.
Sheep are afraid of wolves.
Mice are afraid of sheep.
Jessica is a sheep.
Winona is a sheep.
Wolves are afraid of mice.
Emily is a wolf.
Gertrude is a wolf.
Question: What is gertrude afraid of?
Answer:"," mouse","aiaft aovfdp ao dre :lvsrailssfSo..eraee w aaPi efr Meesgo aescre  fhwaaC"
"Passage: Wolves are afraid of cats.
Mice are afraid of wolves.
Jessica is a mouse.
Sheep are afraid of wolves.
Gertrude is a mouse.
Winona is a wolf.
Cats are afraid of mice.
Emily is a sheep.
Question: What is jessica afraid of?
Answer:"," wolf","Mi siefe eocoPr Jfr.rafsacrf   adst  leai sloecaWdea .gsoaaveiissa:awvsa "
"Passage: Wolves are afraid of cats.
Mice are afraid of wolves.
Jessica is a mouse.
Sheep are afraid of wolves.
Gertrude is a mouse.
Winona is a wolf.
Cats are afraid of mice.
Emily is a sheep.
Question: What is winona afraid of?
Answer:"," cat","aeaa  ofcad rwPicifavotd i..lv rs foaJr:ga caee soeisa sie sslrefWM seasa"
"Passage: Wolves are afraid of cats.
Mice are afraid of wolves.
Jessica is a mouse.
Sheep are afraid of wolves.
Gertrude is a mouse.
Winona is a wolf.
Cats are afraid of mice.
Emily is a sheep.
Question: What is winona afraid of?
Answer:"," cat"," aaaw  ff i.ae oJafsaessais.tse ol:aacrdrve asgMer  cdafsre eiPvoil Wicso"
"Passage: Wolves are afraid of cats.
Mice are afraid of wolves.
Jessica is a mouse.
Sheep are afraid of wolves.
Gertrude is a mouse.
Winona is a wolf.
Cats are afraid of mice.
Emily is a sheep.
Question: What is winona afraid of?
Answer:"," cat"," ea sawaoaocsreati  vcaf:ilePge da raira s.e.fv W lfaMeosirioJesdcssa s f"
"Passage: Sheep are afraid of cats.
Cats are afraid of wolves.
Emily is a cat.
Mice are afraid of sheep.
Gertrude is a mouse.
Wolves are afraid of sheep.
Jessica is a mouse.
Winona is a cat.
Question: What is jessica afraid of?
Answer:"," sheep","eteaaihayar :S s.ssdvdgmi f.paes  ti fcr es ae  awEoae aorcslaia aolCPfrf"
"Passage: Sheep are afraid of cats.
Cats are afraid of wolves.
Emily is a cat.
Mice are afraid of sheep.
Gertrude is a mouse.
Wolves are afraid of sheep.
Jessica is a mouse.
Winona is a cat.
Question: What is emily afraid of?
Answer:"," wolf"," pta i ascfw rfiaiaeesrhsa.gleirdf   svla aes:aeP c d.torCmEe oofsSay aaa"
"Passage: Sheep are afraid of cats.
Cats are afraid of wolves.
Emily is a cat.
Mice are afraid of sheep.
Gertrude is a mouse.
Wolves are afraid of sheep.
Jessica is a mouse.
Winona is a cat.
Question: What is emily afraid of?
Answer:"," wolf","air iyofpg sar  Csewahma.aefrlo dtatcr EsoePl:sseva s .cf Safdaaaee a ii "
"Passage: Sheep are afraid of cats.
Cats are afraid of wolves.
Emily is a cat.
Mice are afraid of sheep.
Gertrude is a mouse.
Wolves are afraid of sheep.
Jessica is a mouse.
Winona is a cat.
Question: What is jessica afraid of?
Answer:"," sheep","  ffc.aasSorpier ai sa raCaaweelmgPsho   :cafi tvessarao dle afEei .asdyt"
"Passage: Sheep are afraid of wolves.
Mice are afraid of sheep.
Cats are afraid of sheep.
Wolves are afraid of sheep.
Gertrude is a sheep.
Winona is a mouse.
Jessica is a sheep.
Emily is a cat.
Question: What is gertrude afraid of?
Answer:"," wolf","feMass.Cprrieweas a  cfaelso rae rsad  :geffpPefav rihSehta.ao erdo iae a"
"Passage: Sheep are afraid of wolves.
Mice are afraid of sheep.
Cats are afraid of sheep.
Wolves are afraid of sheep.
Gertrude is a sheep.
Winona is a mouse.
Jessica is a sheep.
Emily is a cat.
Question: What is gertrude afraid of?
Answer:"," wolf","f    a:hSvfofagelod.eP wtcesrias sCraaasaeep  apro frs ehreMar ie.adeeaif"
"Passage: Sheep are afraid of wolves.
Mice are afraid of sheep.
Cats are afraid of sheep.
Wolves are afraid of sheep.
Gertrude is a sheep.
Winona is a mouse.
Jessica is a sheep.
Emily is a cat.
Question: What is winona afraid of?
Answer:"," sheep","Pa   ptageaao afv.ricefodsisiefsdrwfrC aahhS efaa  r .eear roe:Mlpaessee "
"Passage: Sheep are afraid of wolves.
Mice are afraid of sheep.
Cats are afraid of sheep.
Wolves are afraid of sheep.
Gertrude is a sheep.
Winona is a mouse.
Jessica is a sheep.
Emily is a cat.
Question: What is gertrude afraid of?
Answer:"," wolf","sa.ffo erS Plcs aat e:erafvirp . edeCdo aaweae rraseoMehsepiah ffgasri  a"
"Passage: Sheep are afraid of cats.
Emily is a sheep.
Mice are afraid of sheep.
Jessica is a mouse.
Winona is a mouse.
Wolves are afraid of sheep.
Cats are afraid of wolves.
Gertrude is a sheep.
Question: What is winona afraid of?
Answer:"," sheep","iipoaaayi a:aa eafd seaarhrfsEpci esgrtflecfdhee. hr     e mMaPSi.ssoes e"
"Passage: Sheep are afraid of cats.
Emily is a sheep.
Mice are afraid of sheep.
Jessica is a mouse.
Winona is a mouse.
Wolves are afraid of sheep.
Cats are afraid of wolves.
Gertrude is a sheep.
Question: What is gertrude afraid of?
Answer:"," cat",".soife   aM epsatEho iraeiacadespasar .eaymPgcdae ehifif:Sr   lhsesr ae f"
"Passage: Sheep are afraid of cats.
Emily is a sheep.
Mice are afraid of sheep.
Jessica is a mouse.
Winona is a mouse.
Wolves are afraid of sheep.
Cats are afraid of wolves.
Gertrude is a sheep.
Question: What is jessica afraid of?
Answer:"," sheep"," pM r i h.ircf ad fsfPaleeieEe .ahaias psgeoyS teamaereahos sefd:cr a sai"
"Passage: Sheep are afraid of cats.
Emily is a sheep.
Mice are afraid of sheep.
Jessica is a mouse.
Winona is a mouse.
Wolves are afraid of sheep.
Cats are afraid of wolves.
Gertrude is a sheep.
Question: What is gertrude afraid of?
Answer:"," cat","aps rE f.eessim rat ay i:  ed oheesrlsehaiief.SPi dafaeMgoh a raaeapc fcs"
"Passage: Cats are afraid of wolves.
Sheep are afraid of mice.
Wolves are afraid of cats.
Jessica is a sheep.
Emily is a wolf.
Winona is a sheep.
Mice are afraid of cats.
Gertrude is a mouse.
Question: What is winona afraid of?
Answer:"," mouse"," Waa a frevarseefafsfs di. cm  vla f:eeosStoil a esPoaoir.aweCragdpee ahr"
"Passage: Cats are afraid of wolves.
Sheep are afraid of mice.
Wolves are afraid of cats.
Jessica is a sheep.
Emily is a wolf.
Winona is a sheep.
Mice are afraid of cats.
Gertrude is a mouse.
Question: What is winona afraid of?
Answer:"," mouse","   ef ee:a aisaaatofseav  asmaoawf. lcreas.r fiohrpradCeiPWSfs oglevreed "
"Passage: Cats are afraid of wolves.
Sheep are afraid of mice.
Wolves are afraid of cats.
Jessica is a sheep.
Emily is a wolf.
Winona is a sheep.
Mice are afraid of cats.
Gertrude is a mouse.
Question: What is emily afraid of?
Answer:"," cat","ag raaicre.am l a.eoa Piao rh Wsvwa  fCSsesa efat feddeiselv:froerosefap "
"Passage: Cats are afraid of wolves.
Sheep are afraid of mice.
Wolves are afraid of cats.
Jessica is a sheep.
Emily is a wolf.
Winona is a sheep.
Mice are afraid of cats.
Gertrude is a mouse.
Question: What is winona afraid of?
Answer:"," mouse"," ligpafa :fe aheoero asofrv Sleea saaoae i s ar e.mces vrtfraafewdsWPd.iC"
"Passage: Wolves are afraid of mice.
Cats are afraid of mice.
Mice are afraid of cats.
Winona is a mouse.
Gertrude is a cat.
Jessica is a wolf.
Sheep are afraid of cats.
Emily is a sheep.
Question: What is emily afraid of?
Answer:"," cat","CMafe :reiWei searlacorasacamt de eii   dfr ffa fe ivcoi.s aaomea.sgarPra"
"Passage: Wolves are afraid of mice.
Cats are afraid of mice.
Mice are afraid of cats.
Winona is a mouse.
Gertrude is a cat.
Jessica is a wolf.
Sheep are afraid of cats.
Emily is a sheep.
Question: What is jessica afraid of?
Answer:"," mouse",". e o efeaecf.aioavraer sd:ac  is iacmdfMiaarfeaPrioses rm rfCaWga a leit"
"Passage: Wolves are afraid of mice.
Cats are afraid of mice.
Mice are afraid of cats.
Winona is a mouse.
Gertrude is a cat.
Jessica is a wolf.
Sheep are afraid of cats.
Emily is a sheep.
Question: What is emily afraid of?
Answer:"," cat","esr eaaeiiaada adc asWro:fsmff. .le MareiCetiocer   Pafmr vafigoci sraa e"
"Passage: Wolves are afraid of mice.
Cats are afraid of mice.
Mice are afraid of cats.
Winona is a mouse.
Gertrude is a cat.
Jessica is a wolf.
Sheep are afraid of cats.
Emily is a sheep.
Question: What is jessica afraid of?
Answer:"," mouse"," e eeigi:crrraaaimcfsWfv fec erdo.alafo. odm aaisasePae raiiaCaf Mes  r t"
"Passage: Cats are afraid of wolves.
Mice are afraid of cats.
Jessica is a cat.
Wolves are afraid of sheep.
Emily is a wolf.
Winona is a mouse.
Gertrude is a mouse.
Sheep are afraid of cats.
Question: What is winona afraid of?
Answer:"," cat","eea aisPaofseraseitgorsa  :sar   eaaswfdais tfo cvcJCilaae.a csf M.  drci"
"Passage: Cats are afraid of wolves.
Mice are afraid of cats.
Jessica is a cat.
Wolves are afraid of sheep.
Emily is a wolf.
Winona is a mouse.
Gertrude is a mouse.
Sheep are afraid of cats.
Question: What is jessica afraid of?
Answer:"," wolf","a savfMrlac  ssiietedaffa c s c.oaost:s  igas reeP weacisaareJd Cafario ."
"Passage: Cats are afraid of wolves.
Mice are afraid of cats.
Jessica is a cat.
Wolves are afraid of sheep.
Emily is a wolf.
Winona is a mouse.
Gertrude is a mouse.
Sheep are afraid of cats.
Question: What is emily afraid of?
Answer:"," sheep"," caissCPcar se cea f:aaffJas .ewd eic a  g aasoalai irMto.erdaris esstvfo"
"Passage: Cats are afraid of wolves.
Mice are afraid of cats.
Jessica is a cat.
Wolves are afraid of sheep.
Emily is a wolf.
Winona is a mouse.
Gertrude is a mouse.
Sheep are afraid of cats.
Question: What is winona afraid of?
Answer:"," cat"," egia.i saMioa srctr osls oedaaev   Peiade csaa sierrs :aaatsafCfc.c Jwff"
"Passage: Sheep are afraid of cats.
Mice are afraid of cats.
Jessica is a mouse.
Winona is a mouse.
Wolves are afraid of sheep.
Gertrude is a wolf.
Emily is a mouse.
Cats are afraid of wolves.
Question: What is jessica afraid of?
Answer:"," cat","  c : aaPedsco.amasodc.egarsJMa eaesotaeaapc  ifiSffis   rats a sriiehrfe"
"Passage: Sheep are afraid of cats.
Mice are afraid of cats.
Jessica is a mouse.
Winona is a mouse.
Wolves are afraid of sheep.
Gertrude is a wolf.
Emily is a mouse.
Cats are afraid of wolves.
Question: What is emily afraid of?
Answer:"," cat","dpcrfehasditr i: sa. ti sPsea fMo   f Jeoea recaaacSaiemeriaas.c foassa g"
"Passage: Sheep are afraid of cats.
Mice are afraid of cats.
Jessica is a mouse.
Winona is a mouse.
Wolves are afraid of sheep.
Gertrude is a wolf.
Emily is a mouse.
Cats are afraid of wolves.
Question: What is gertrude afraid of?
Answer:"," sheep","iPa .aat.oerea f Spa   MeaiJe dr isasra:f csiha cmfreo sc aodssaatcifegse"
"Passage: Sheep are afraid of cats.
Mice are afraid of cats.
Jessica is a mouse.
Winona is a mouse.
Wolves are afraid of sheep.
Gertrude is a wolf.
Emily is a mouse.
Cats are afraid of wolves.
Question: What is jessica afraid of?
Answer:"," cat","sarfcShtrmaf.  ipd e taasaissP  ai ae.defcJM  arefaa eeaoaisec :riosg ocs"
"Passage: Mice are afraid of cats.
Gertrude is a mouse.
Cats are afraid of wolves.
Sheep are afraid of mice.
Jessica is a cat.
Emily is a cat.
Wolves are afraid of sheep.
Winona is a sheep.
Question: What is jessica afraid of?
Answer:"," wolf","asPasdo adtua drfroast m uCgsiMea t.f:G rrwaiefecaiaerse eari fes o.  a c"
"Passage: Mice are afraid of cats.
Gertrude is a mouse.
Cats are afraid of wolves.
Sheep are afraid of mice.
Jessica is a cat.
Emily is a cat.
Wolves are afraid of sheep.
Winona is a sheep.
Question: What is jessica afraid of?
Answer:"," wolf","adr rteuuaw .a eisfos e :r aafGaasaaedratM aefcistgoCmrr cii P.sdoes  f e"
"Passage: Mice are afraid of cats.
Gertrude is a mouse.
Cats are afraid of wolves.
Sheep are afraid of mice.
Jessica is a cat.
Emily is a cat.
Wolves are afraid of sheep.
Winona is a sheep.
Question: What is jessica afraid of?
Answer:"," wolf","tarsge :.r fia mCsPeeeaedafsiastM aauoa.fiairt du rdGar cer   wac osofe s"
"Passage: Mice are afraid of cats.
Gertrude is a mouse.
Cats are afraid of wolves.
Sheep are afraid of mice.
Jessica is a cat.
Emily is a cat.
Wolves are afraid of sheep.
Winona is a sheep.
Question: What is emily afraid of?
Answer:"," wolf"," coc itCeea  uf saee:rMta Pomeaat odr sdGwri .ra dsirras f fisa.saaegafue"
"Passage: Mice are afraid of sheep.
Sheep are afraid of wolves.
Cats are afraid of sheep.
Jessica is a sheep.
Winona is a sheep.
Gertrude is a mouse.
Emily is a sheep.
Wolves are afraid of mice.
Question: What is gertrude afraid of?
Answer:"," sheep"," twdas: rfiSeaehafaac.r slseaapfroa  r sph d eeraffavsg .aPoei i eCoMeree"
"Passage: Mice are afraid of sheep.
Sheep are afraid of wolves.
Cats are afraid of sheep.
Jessica is a sheep.
Winona is a sheep.
Gertrude is a mouse.
Emily is a sheep.
Wolves are afraid of mice.
Question: What is emily afraid of?
Answer:"," wolf","eaaorea.p faeesia:aiflahsaaeadr  f ofd. sSp aeosC MhrvwePscerfe i ter  gr"
"Passage: Mice are afraid of sheep.
Sheep are afraid of wolves.
Cats are afraid of sheep.
Jessica is a sheep.
Winona is a sheep.
Gertrude is a mouse.
Emily is a sheep.
Wolves are afraid of mice.
Question: What is emily afraid of?
Answer:"," wolf","ts pCr ia rfeohefiaP or fdar sroaa ifa eMaepegwalS aee.. :vsarhaessdee fc"
"Passage: Mice are afraid of sheep.
Sheep are afraid of wolves.
Cats are afraid of sheep.
Jessica is a sheep.
Winona is a sheep.
Gertrude is a mouse.
Emily is a sheep.
Wolves are afraid of mice.
Question: What is emily afraid of?
Answer:"," wolf"," p:ewSfe  ve. ohee afraideha f.rai elo Paec sfsaes isa dseropraaatMCrrgaf"
"Passage: Cats are afraid of sheep.
Gertrude is a cat.
Jessica is a cat.
Mice are afraid of wolves.
Sheep are afraid of wolves.
Emily is a sheep.
Wolves are afraid of cats.
Winona is a mouse.
Question: What is gertrude afraid of?
Answer:"," sheep","seedc esrihi.ca aae fict stuoJ.es    Gasrt siparaa Mdri.f:ssgceaaPe tCaa"
"Passage: Cats are afraid of sheep.
Gertrude is a cat.
Jessica is a cat.
Mice are afraid of wolves.
Sheep are afraid of wolves.
Emily is a sheep.
Wolves are afraid of cats.
Winona is a mouse.
Question: What is jessica afraid of?
Answer:"," sheep","ae a a .se Prpst caaiCigeu adrtetaisssasies:atci a . G cJeMfoadfrchre. s"
"Passage: Cats are afraid of sheep.
Gertrude is a cat.
Jessica is a cat.
Mice are afraid of wolves.
Sheep are afraid of wolves.
Emily is a sheep.
Wolves are afraid of cats.
Winona is a mouse.
Question: What is winona afraid of?
Answer:"," wolf","MsaiJcsassfe.hotu.s aids taeee r ca.P Caatpaa Gcge frt a rd srcii siee:a"
"Passage: Cats are afraid of sheep.
Gertrude is a cat.
Jessica is a cat.
Mice are afraid of wolves.
Sheep are afraid of wolves.
Emily is a sheep.
Wolves are afraid of cats.
Winona is a mouse.
Question: What is winona afraid of?
Answer:"," wolf","sraiaesiae  aarda stsacattP. ecosee  ehrs scC uiiaJgfc: r Gfa.epM di.tas"
"Passage: Wolves are afraid of mice.
Sheep are afraid of cats.
Winona is a sheep.
Mice are afraid of wolves.
Jessica is a sheep.
Cats are afraid of sheep.
Gertrude is a wolf.
Emily is a wolf.
Question: What is winona afraid of?
Answer:"," cat","aaaoheSia.fnsfapaoe:irgl ca  e. rssomdnaW  verf o e ia aeifcr  saesdPitsW"
"Passage: Wolves are afraid of mice.
Sheep are afraid of cats.
Winona is a sheep.
Mice are afraid of wolves.
Jessica is a sheep.
Cats are afraid of sheep.
Gertrude is a wolf.
Emily is a wolf.
Question: What is jessica afraid of?
Answer:"," cat","oaspa dcsWhf learoear gff  caefdiasaP o i r.aeW.s  ane eeSinvoa:irsmit sa"
"Passage: Wolves are afraid of mice.
Sheep are afraid of cats.
Winona is a sheep.
Mice are afraid of wolves.
Jessica is a sheep.
Cats are afraid of sheep.
Gertrude is a wolf.
Emily is a wolf.
Question: What is jessica afraid of?
Answer:"," cat","aor rgs ePriaWdres ivtinisemWaeS s efsaalhnasdoo a:cca a  p e fo .afeifa."
"Passage: Wolves are afraid of mice.
Sheep are afraid of cats.
Winona is a sheep.
Mice are afraid of wolves.
Jessica is a sheep.
Cats are afraid of sheep.
Gertrude is a wolf.
Emily is a wolf.
Question: What is gertrude afraid of?
Answer:"," mouse","lsr  oanad   sgetsriPnsi apaf.eWve.  aecaesc afWaaoea ifm ose:f drrShaiio"
"Passage: Wolves are afraid of sheep.
Sheep are afraid of cats.
Cats are afraid of wolves.
Mice are afraid of cats.
Winona is a cat.
Jessica is a sheep.
Gertrude is a cat.
Emily is a sheep.
Question: What is jessica afraid of?
Answer:"," cat"," sPorcspeff Saer.rdfed  peoa.tgsesa:ieiaefa fCros hWara e  avte aaalrhs a"
"Passage: Wolves are afraid of sheep.
Sheep are afraid of cats.
Cats are afraid of wolves.
Mice are afraid of cats.
Winona is a cat.
Jessica is a sheep.
Gertrude is a cat.
Emily is a sheep.
Question: What is gertrude afraid of?
Answer:"," wolf","aSeshasegsa oracpiat ftWdse.a:  arohpfCol r ferearaPiae rssa e fv de. fea"
"Passage: Wolves are afraid of sheep.
Sheep are afraid of cats.
Cats are afraid of wolves.
Mice are afraid of cats.
Winona is a cat.
Jessica is a sheep.
Gertrude is a cat.
Emily is a sheep.
Question: What is jessica afraid of?
Answer:"," cat","odsesrr r. e epv gcslarC otiaahhseSe t f  aaf  aeWarrfff.eoipada:ePsseaaa"
"Passage: Wolves are afraid of sheep.
Sheep are afraid of cats.
Cats are afraid of wolves.
Mice are afraid of cats.
Winona is a cat.
Jessica is a sheep.
Gertrude is a cat.
Emily is a sheep.
Question: What is emily afraid of?
Answer:"," cat","tt  eWsadoalreredeif op oahSesasa.faeacs.r iC feaa agafh: es  evsfprrPa r"
"Passage: Sheep are afraid of mice.
Wolves are afraid of sheep.
Jessica is a sheep.
Gertrude is a wolf.
Winona is a wolf.
Cats are afraid of sheep.
Emily is a wolf.
Mice are afraid of sheep.
Question: What is emily afraid of?
Answer:"," sheep","piespa.vdcr Parraioimaahfeaie:ao  f  sae  e.dc lsi sg sasWeseSfheaoe refJ"
"Passage: Sheep are afraid of mice.
Wolves are afraid of sheep.
Jessica is a sheep.
Gertrude is a wolf.
Winona is a wolf.
Cats are afraid of sheep.
Emily is a wolf.
Mice are afraid of sheep.
Question: What is emily afraid of?
Answer:"," sheep","ah pSriap d iPeadef rcaeeogocfmse io rlfWsiei:. aesrhasJaa.easea  sf  ves"
"Passage: Sheep are afraid of mice.
Wolves are afraid of sheep.
Jessica is a sheep.
Gertrude is a wolf.
Winona is a wolf.
Cats are afraid of sheep.
Emily is a wolf.
Mice are afraid of sheep.
Question: What is emily afraid of?
Answer:"," sheep",".se sia.fdeePhi SseeWaaoo sa rf aaa ep  ir paefiormi vlraehsssJcfdc g:eae"
"Passage: Sheep are afraid of mice.
Wolves are afraid of sheep.
Jessica is a sheep.
Gertrude is a wolf.
Winona is a wolf.
Cats are afraid of sheep.
Emily is a wolf.
Mice are afraid of sheep.
Question: What is winona afraid of?
Answer:"," sheep","f ipie Waa oocgaerssaJ   h .amSasrPrefdi oe sre:e aelpes. adhsiefifavaesc"
"Passage: Cats are afraid of wolves.
Wolves are afraid of mice.
Sheep are afraid of mice.
Mice are afraid of sheep.
Jessica is a wolf.
Gertrude is a mouse.
Emily is a cat.
Winona is a sheep.
Question: What is winona afraid of?
Answer:"," mouse","r fd lpae.ierf v t. dsgaWar s o  ve a:CesofcoPaeosfai mlSfrwaaeaeahaseeir"
"Passage: Cats are afraid of wolves.
Wolves are afraid of mice.
Sheep are afraid of mice.
Mice are afraid of sheep.
Jessica is a wolf.
Gertrude is a mouse.
Emily is a cat.
Winona is a sheep.
Question: What is emily afraid of?
Answer:"," wolf","d  aoSdlsvohWa fsmai irvasesea  taaaa   gecffe.e .r eorrersepafPiwColfae:"
"Passage: Cats are afraid of wolves.
Wolves are afraid of mice.
Sheep are afraid of mice.
Mice are afraid of sheep.
Jessica is a wolf.
Gertrude is a mouse.
Emily is a cat.
Winona is a sheep.
Question: What is emily afraid of?
Answer:"," wolf","afafipa ore.ePgsomsad ela   :efo Csa Wveef.evlStrwfasredaer aar  oc sahii"
"Passage: Cats are afraid of wolves.
Wolves are afraid of mice.
Sheep are afraid of mice.
Mice are afraid of sheep.
Jessica is a wolf.
Gertrude is a mouse.
Emily is a cat.
Winona is a sheep.
Question: What is gertrude afraid of?
Answer:"," sheep","ocSel s d e r vf.off  a.rea shs:mapaoetar aaPaCdgfseweeri oW ieiearfalavs"
"Passage: Cats are afraid of mice.
Gertrude is a cat.
Mice are afraid of wolves.
Jessica is a mouse.
Wolves are afraid of sheep.
Emily is a mouse.
Winona is a wolf.
Sheep are afraid of cats.
Question: What is jessica afraid of?
Answer:"," wolf","dcaesglfw  Cs f faefaaame.tderaeoterid i iucMi i r Ga:rraoaacos. Pt se ar"
"Passage: Cats are afraid of mice.
Gertrude is a cat.
Mice are afraid of wolves.
Jessica is a mouse.
Wolves are afraid of sheep.
Emily is a mouse.
Winona is a wolf.
Sheep are afraid of cats.
Question: What is winona afraid of?
Answer:"," sheep","ee  s iatt rsiorlwm a rfagdraas Prf  aceceaaoese.feGd.MiatdoCiacrua : fi "
"Passage: Cats are afraid of mice.
Gertrude is a cat.
Mice are afraid of wolves.
Jessica is a mouse.
Wolves are afraid of sheep.
Emily is a mouse.
Winona is a wolf.
Sheep are afraid of cats.
Question: What is jessica afraid of?
Answer:"," wolf","dtafCaG r.oagr  ceeftas  i:asf serwmiteoideMacfi.aasar dcPeu orre  aila  "
"Passage: Cats are afraid of mice.
Gertrude is a cat.
Mice are afraid of wolves.
Jessica is a mouse.
Wolves are afraid of sheep.
Emily is a mouse.
Winona is a wolf.
Sheep are afraid of cats.
Question: What is gertrude afraid of?
Answer:"," mouse","ra.t  cs.tadrsas idfreu eceigfrlMtG  ei :eC o aoemoaaaiia cs ffwa rrPdeaa"
"Passage: Sheep are afraid of cats.
Mice are afraid of sheep.
Cats are afraid of mice.
Emily is a sheep.
Wolves are afraid of mice.
Jessica is a sheep.
Winona is a wolf.
Gertrude is a cat.
Question: What is emily afraid of?
Answer:"," cat","iaecaeefipsa  scff hsa reCM ar iataPr ga:sar.oaet ep. drhesara Seaodi ffe"
"Passage: Sheep are afraid of cats.
Mice are afraid of sheep.
Cats are afraid of mice.
Emily is a sheep.
Wolves are afraid of mice.
Jessica is a sheep.
Winona is a wolf.
Gertrude is a cat.
Question: What is jessica afraid of?
Answer:"," cat","drege d.rss  e:iff aMi.sf a fpaPeeocata ctahCeSoifh eaaesaaarrsrira e  ap"
"Passage: Sheep are afraid of cats.
Mice are afraid of sheep.
Cats are afraid of mice.
Emily is a sheep.
Wolves are afraid of mice.
Jessica is a sheep.
Winona is a wolf.
Gertrude is a cat.
Question: What is winona afraid of?
Answer:"," mouse","oeafrshp iss. e ihfat cef sfeeadrea traaieMS ara: a  sefgcao pe.aiaCrPard"
"Passage: Sheep are afraid of cats.
Mice are afraid of sheep.
Cats are afraid of mice.
Emily is a sheep.
Wolves are afraid of mice.
Jessica is a sheep.
Winona is a wolf.
Gertrude is a cat.
Question: What is jessica afraid of?
Answer:"," cat","arCrearffriaiScisefa  esa :fha.assoa ecPo Mdfteepptaadgs a h r  arieeae. "
"Passage: Wolves are afraid of mice.
Mice are afraid of cats.
Cats are afraid of sheep.
Sheep are afraid of mice.
Jessica is a sheep.
Emily is a cat.
Winona is a wolf.
Gertrude is a wolf.
Question: What is emily afraid of?
Answer:"," sheep"," eP Ccai.iMg aaeaavoaesierarfm faccrf soslost freaf str. aidr e d: eWaaia"
"Passage: Wolves are afraid of mice.
Mice are afraid of cats.
Cats are afraid of sheep.
Sheep are afraid of mice.
Jessica is a sheep.
Emily is a cat.
Winona is a wolf.
Gertrude is a wolf.
Question: What is jessica afraid of?
Answer:"," mouse","af rasC a.vaorgsfaeeroa.if st ealfi doMmreaa e:ai  frrPcaed  Wastes cciia"
"Passage: Wolves are afraid of mice.
Mice are afraid of cats.
Cats are afraid of sheep.
Sheep are afraid of mice.
Jessica is a sheep.
Emily is a cat.
Winona is a wolf.
Gertrude is a wolf.
Question: What is emily afraid of?
Answer:"," sheep"," rmcalfi ecaaoe Wavsoragreci.afCda sfi.eaer:af ar  i aao sf taesrPtdM ies"
"Passage: Wolves are afraid of mice.
Mice are afraid of cats.
Cats are afraid of sheep.
Sheep are afraid of mice.
Jessica is a sheep.
Emily is a cat.
Winona is a wolf.
Gertrude is a wolf.
Question: What is gertrude afraid of?
Answer:"," mouse","f rtfPrsadW iarasc  caeaaa r e oatfris emieoaCrl. eg fs aMcv:aoeaie.fsiad"
"Passage: Cats are afraid of wolves.
Wolves are afraid of mice.
Emily is a wolf.
Gertrude is a cat.
Mice are afraid of sheep.
Jessica is a cat.
Sheep are afraid of wolves.
Winona is a wolf.
Question: What is gertrude afraid of?
Answer:"," wolf","le riaiereeamyiwroa fe svfam eiaaaaCsE fo  s.stoPc a gfd.lr dWa ioslvs w:"
"Passage: Cats are afraid of wolves.
Wolves are afraid of mice.
Emily is a wolf.
Gertrude is a cat.
Mice are afraid of sheep.
Jessica is a cat.
Sheep are afraid of wolves.
Winona is a wolf.
Question: What is emily afraid of?
Answer:"," mouse"," a mal d f eowdaPw se Evrema voaia lfrray:eesosai  iWai eo.flCras.gftssci"
"Passage: Cats are afraid of wolves.
Wolves are afraid of mice.
Emily is a wolf.
Gertrude is a cat.
Mice are afraid of sheep.
Jessica is a cat.
Sheep are afraid of wolves.
Winona is a wolf.
Question: What is jessica afraid of?
Answer:"," wolf","aleiilssgEiasaes  eal coirsdwderf  a afor.w.amf  tvW saovC ymof:ie araeP "
"Passage: Cats are afraid of wolves.
Wolves are afraid of mice.
Emily is a wolf.
Gertrude is a cat.
Mice are afraid of sheep.
Jessica is a cat.
Sheep are afraid of wolves.
Winona is a wolf.
Question: What is emily afraid of?
Answer:"," mouse","rsfa ll wCa vs.  olo  PdssicomeE wasyreta fiadifsearWaime a. avie afr:eog"
"Passage: Cats are afraid of mice.
Sheep are afraid of cats.
Mice are afraid of wolves.
Emily is a sheep.
Jessica is a cat.
Wolves are afraid of mice.
Gertrude is a wolf.
Winona is a mouse.
Question: What is gertrude afraid of?
Answer:"," mouse","taio.r tPseeC iaa. oargrfaem  raadafsd hcee   r aMfadaif Sscisee:paicaref"
"Passage: Cats are afraid of mice.
Sheep are afraid of cats.
Mice are afraid of wolves.
Emily is a sheep.
Jessica is a cat.
Wolves are afraid of mice.
Gertrude is a wolf.
Winona is a mouse.
Question: What is emily afraid of?
Answer:"," cat","armahrPeiaieetCs aaaiaeMd  io aacesopergse rd. actfSsf far ai  feraf:. dc"
"Passage: Cats are afraid of mice.
Sheep are afraid of cats.
Mice are afraid of wolves.
Emily is a sheep.
Jessica is a cat.
Wolves are afraid of mice.
Gertrude is a wolf.
Winona is a mouse.
Question: What is gertrude afraid of?
Answer:"," mouse"," eeari fah adrcacaseoCs adcfSr raiar ffa:.ii  pegeeid.Mem so tasaaafet rP"
"Passage: Cats are afraid of mice.
Sheep are afraid of cats.
Mice are afraid of wolves.
Emily is a sheep.
Jessica is a cat.
Wolves are afraid of mice.
Gertrude is a wolf.
Winona is a mouse.
Question: What is jessica afraid of?
Answer:"," mouse","ri oiasfaasr  ar c. ifrate adehf:dicpfS  aa earCMefsaeaecidagee tP o.mrsa"
"Passage: Cats are afraid of wolves.
Wolves are afraid of mice.
Mice are afraid of cats.
Gertrude is a mouse.
Jessica is a cat.
Sheep are afraid of cats.
Emily is a mouse.
Winona is a mouse.
Question: What is gertrude afraid of?
Answer:"," cat","rvoeasrlof.s.aaloM  irrma:vPgidtesr Wfae ae fsowde  asefc  aCr  afcaaeiie"
"Passage: Cats are afraid of wolves.
Wolves are afraid of mice.
Mice are afraid of cats.
Gertrude is a mouse.
Jessica is a cat.
Sheep are afraid of cats.
Emily is a mouse.
Winona is a mouse.
Question: What is winona afraid of?
Answer:"," cat","serlfdaava e  stfaseeafoePWMfiecira aao.aa acorg:fs eri rm rCwvelo. sid  "
"Passage: Cats are afraid of wolves.
Wolves are afraid of mice.
Mice are afraid of cats.
Gertrude is a mouse.
Jessica is a cat.
Sheep are afraid of cats.
Emily is a mouse.
Winona is a mouse.
Question: What is winona afraid of?
Answer:"," cat"," amaaeredfrCasaraifrWPtdcev r.vsiagocerf ao o lae :aalffiossee w ie .  sM"
"Passage: Cats are afraid of wolves.
Wolves are afraid of mice.
Mice are afraid of cats.
Gertrude is a mouse.
Jessica is a cat.
Sheep are afraid of cats.
Emily is a mouse.
Winona is a mouse.
Question: What is winona afraid of?
Answer:"," cat","cifaaewc tfr rmas.f sr.la era:Wsae eidPafl voeigaMo a e evie oafr odrsCas"
"Passage: Cats are afraid of wolves.
Winona is a cat.
Mice are afraid of cats.
Wolves are afraid of mice.
Gertrude is a wolf.
Emily is a mouse.
Sheep are afraid of wolves.
Jessica is a mouse.
Question: What is emily afraid of?
Answer:"," cat","sgc.WdCPi wMsiirfa lrft efeaaanc e a ai is rsoo   a:aoeenata. avsdaoctraf"
"Passage: Cats are afraid of wolves.
Winona is a cat.
Mice are afraid of cats.
Wolves are afraid of mice.
Gertrude is a wolf.
Emily is a mouse.
Sheep are afraid of wolves.
Jessica is a mouse.
Question: What is jessica afraid of?
Answer:"," cat","Matodo  . eanneariftscfalfts srCaerga.iaa e daocai sWoefiv  wc Par:aa s i"
"Passage: Cats are afraid of wolves.
Winona is a cat.
Mice are afraid of cats.
Wolves are afraid of mice.
Gertrude is a wolf.
Emily is a mouse.
Sheep are afraid of wolves.
Jessica is a mouse.
Question: What is emily afraid of?
Answer:"," cat","  tetsdCicr eoefssaaiaf nraaa ors. MconaaWf  iaePagf. vaaisa drtcw:eil o "
"Passage: Cats are afraid of wolves.
Winona is a cat.
Mice are afraid of cats.
Wolves are afraid of mice.
Gertrude is a wolf.
Emily is a mouse.
Sheep are afraid of wolves.
Jessica is a mouse.
Question: What is gertrude afraid of?
Answer:"," mouse","fndl:aPneaesit ea sa  segcarafocao  s oacsiMiaffrevtWCdowa   tiai. a rra."
"Passage: Wolves are afraid of mice.
Mice are afraid of sheep.
Sheep are afraid of cats.
Cats are afraid of mice.
Emily is a cat.
Jessica is a sheep.
Winona is a sheep.
Gertrude is a mouse.
Question: What is winona afraid of?
Answer:"," cat","fe iamsp rclsrPaaoidcr r f  sef  eve S.rh:ieaaeepagfr WMoa a.deosiefeaaeh"
"Passage: Wolves are afraid of mice.
Mice are afraid of sheep.
Sheep are afraid of cats.
Cats are afraid of mice.
Emily is a cat.
Jessica is a sheep.
Winona is a sheep.
Gertrude is a mouse.
Question: What is gertrude afraid of?
Answer:"," sheep","efdpeiairiaWP.f roia aee Sahaaga a eofvs fos.:c eMea rsrrflpecme e ehds r"
"Passage: Wolves are afraid of mice.
Mice are afraid of sheep.
Sheep are afraid of cats.
Cats are afraid of mice.
Emily is a cat.
Jessica is a sheep.
Winona is a sheep.
Gertrude is a mouse.
Question: What is jessica afraid of?
Answer:"," cat",".feefisse:vrW  Soaercfseaaerhos rM   eaapl emefafei iica P.rar poadh gdae"
"Passage: Wolves are afraid of mice.
Mice are afraid of sheep.
Sheep are afraid of cats.
Cats are afraid of mice.
Emily is a cat.
Jessica is a sheep.
Winona is a sheep.
Gertrude is a mouse.
Question: What is jessica afraid of?
Answer:"," cat","earsapedWpieSsel  ihafe.fsiaoe.ve  ag M f  fr ererea :oarr iamscPahdoacfe"
"Passage: Mice are afraid of sheep.
Gertrude is a mouse.
Sheep are afraid of cats.
Wolves are afraid of sheep.
Jessica is a sheep.
Winona is a sheep.
Emily is a mouse.
Cats are afraid of sheep.
Question: What is jessica afraid of?
Answer:"," cat","rodtsiae hri:aio..aPiecphdGa fa  ee aee eueSr r sofMm psura esdefaa fserg"
"Passage: Mice are afraid of sheep.
Gertrude is a mouse.
Sheep are afraid of cats.
Wolves are afraid of sheep.
Jessica is a sheep.
Winona is a sheep.
Emily is a mouse.
Cats are afraid of sheep.
Question: What is emily afraid of?
Answer:"," sheep","dahprcGeeurMpeds e  sraeeg.eoaif r:P r oa  .Sfhaesd uaofefirssataemi ai e"
"Passage: Mice are afraid of sheep.
Gertrude is a mouse.
Sheep are afraid of cats.
Wolves are afraid of sheep.
Jessica is a sheep.
Winona is a sheep.
Emily is a mouse.
Cats are afraid of sheep.
Question: What is jessica afraid of?
Answer:"," cat","d:aadrsgraie p d ersea rf.pfscri thG aehPaaieer.SoeMemeosfaes af io  eu u"
"Passage: Mice are afraid of sheep.
Gertrude is a mouse.
Sheep are afraid of cats.
Wolves are afraid of sheep.
Jessica is a sheep.
Winona is a sheep.
Emily is a mouse.
Cats are afraid of sheep.
Question: What is emily afraid of?
Answer:"," sheep"," G asreeesrfihp ouoe efea asfs raor taearfeeaedPhdr aaumei.:Mic gsSi. d p"
"Passage: Wolves are afraid of cats.
Cats are afraid of sheep.
Mice are afraid of cats.
Gertrude is a cat.
Winona is a mouse.
Sheep are afraid of cats.
Jessica is a wolf.
Emily is a cat.
Question: What is winona afraid of?
Answer:"," cat","t is doaCifoe.aair  eMecafae: c fsr Worpafts  serv ah Pdesl.gfareeaaasaar"
"Passage: Wolves are afraid of cats.
Cats are afraid of sheep.
Mice are afraid of cats.
Gertrude is a cat.
Winona is a mouse.
Sheep are afraid of cats.
Jessica is a wolf.
Emily is a cat.
Question: What is emily afraid of?
Answer:"," sheep","ooerara ftseaaif:tf afe.arWc  f cas   hasepaCaae.rsevi aeas igddlerr sPMo"
"Passage: Wolves are afraid of cats.
Cats are afraid of sheep.
Mice are afraid of cats.
Gertrude is a cat.
Winona is a mouse.
Sheep are afraid of cats.
Jessica is a wolf.
Emily is a cat.
Question: What is emily afraid of?
Answer:"," sheep"," esarehaaed rtfaaevaeeat  s:r.eC fefl.iriaWs rfdaasioacrscPgfo ao  Ms p a"
"Passage: Wolves are afraid of cats.
Cats are afraid of sheep.
Mice are afraid of cats.
Gertrude is a cat.
Winona is a mouse.
Sheep are afraid of cats.
Jessica is a wolf.
Emily is a cat.
Question: What is jessica afraid of?
Answer:"," cat","ep  srarsgd Co are aP haeaa aecei: tairstlMsea aa.fsWi.ce a fedovrrfofsfa"
"Passage: Sheep are afraid of cats.
Cats are afraid of wolves.
Jessica is a cat.
Wolves are afraid of cats.
Emily is a cat.
Winona is a sheep.
Mice are afraid of sheep.
Gertrude is a mouse.
Question: What is jessica afraid of?
Answer:"," wolf","  aePasaa.issof e  :itfc v asJasetsfedasl aeogsh  pawi  aCracr.rerodfaeSi"
"Passage: Sheep are afraid of cats.
Cats are afraid of wolves.
Jessica is a cat.
Wolves are afraid of cats.
Emily is a cat.
Winona is a sheep.
Mice are afraid of sheep.
Gertrude is a mouse.
Question: What is jessica afraid of?
Answer:"," wolf","rsJsaa aass fowoftrs faeava.eadear sCr ae St i sga se .ie:i adcfP ilchope"
"Passage: Sheep are afraid of cats.
Cats are afraid of wolves.
Jessica is a cat.
Wolves are afraid of cats.
Emily is a cat.
Winona is a sheep.
Mice are afraid of sheep.
Gertrude is a mouse.
Question: What is gertrude afraid of?
Answer:"," sheep","ve ee edcSotaae la p .  owasssse arPfrf: J.sdoia ei aafrtahisaCrasiacg sf"
"Passage: Sheep are afraid of cats.
Cats are afraid of wolves.
Jessica is a cat.
Wolves are afraid of cats.
Emily is a cat.
Winona is a sheep.
Mice are afraid of sheep.
Gertrude is a mouse.
Question: What is gertrude afraid of?
Answer:"," sheep"," igeaets.ehrJ cors tfdavid s a:.ciraaawesoS rfs  Paael fa Cfaiaspeseo  sa"
"Passage: Cats are afraid of wolves.
Sheep are afraid of wolves.
Emily is a cat.
Winona is a cat.
Mice are afraid of wolves.
Jessica is a sheep.
Wolves are afraid of mice.
Gertrude is a wolf.
Question: What is emily afraid of?
Answer:"," wolf","wahvs elyt afi f  isafPwrsdms:oe. s seooSalalavrCpdEea  re. eiiaofagre a "
"Passage: Cats are afraid of wolves.
Sheep are afraid of wolves.
Emily is a cat.
Winona is a cat.
Mice are afraid of wolves.
Jessica is a sheep.
Wolves are afraid of mice.
Gertrude is a wolf.
Question: What is emily afraid of?
Answer:"," wolf","sC railvfio yo dep aoefda ee.as.mvafeaaEesw lr:isagassh w fSr lrtie  o Pa"
"Passage: Cats are afraid of wolves.
Sheep are afraid of wolves.
Emily is a cat.
Winona is a cat.
Mice are afraid of wolves.
Jessica is a sheep.
Wolves are afraid of mice.
Gertrude is a wolf.
Question: What is jessica afraid of?
Answer:"," wolf","a e aeoyissw. laih.Sp vrfs tfaoa laeea Ci gPar:s soifew rfaddaE olevers m"
"Passage: Cats are afraid of wolves.
Sheep are afraid of wolves.
Emily is a cat.
Winona is a cat.
Mice are afraid of wolves.
Jessica is a sheep.
Wolves are afraid of mice.
Gertrude is a wolf.
Question: What is gertrude afraid of?
Answer:"," mouse","osaaief wre  aa m eilP hdwlearsforfSs.oaea :seov vCg etla.  sifyEaisrad p"
"Passage: Cats are afraid of wolves.
Wolves are afraid of sheep.
Mice are afraid of sheep.
Sheep are afraid of cats.
Emily is a mouse.
Jessica is a wolf.
Gertrude is a sheep.
Winona is a cat.
Question: What is jessica afraid of?
Answer:"," sheep","a  ts.lfrasegWo vflr Psaee rsawdhifiaefroasCMvoipaasa a .adoeeef  ec re :"
"Passage: Cats are afraid of wolves.
Wolves are afraid of sheep.
Mice are afraid of sheep.
Sheep are afraid of cats.
Emily is a mouse.
Jessica is a wolf.
Gertrude is a sheep.
Winona is a cat.
Question: What is gertrude afraid of?
Answer:"," cat"," Miavrofdwa aef er haiaf ptrae Por.cdsae eWlo:s a rsCsaasefseefeig .ola v"
"Passage: Cats are afraid of wolves.
Wolves are afraid of sheep.
Mice are afraid of sheep.
Sheep are afraid of cats.
Emily is a mouse.
Jessica is a wolf.
Gertrude is a sheep.
Winona is a cat.
Question: What is gertrude afraid of?
Answer:"," cat","ssrs.witesvaMfralvoe  aoaa a i fPcialr sehgs oe aefeaae ddf .C:rpeaor Wef"
"Passage: Cats are afraid of wolves.
Wolves are afraid of sheep.
Mice are afraid of sheep.
Sheep are afraid of cats.
Emily is a mouse.
Jessica is a wolf.
Gertrude is a sheep.
Winona is a cat.
Question: What is gertrude afraid of?
Answer:"," cat","iorpreahc :aroWiegr aaC slwesvlsadvesPaetaf.fi sase a feod fo efra   .Mae"
"Passage: Mice are afraid of cats.
Sheep are afraid of mice.
Gertrude is a mouse.
Winona is a mouse.
Emily is a sheep.
Cats are afraid of wolves.
Jessica is a sheep.
Wolves are afraid of sheep.
Question: What is jessica afraid of?
Answer:"," mouse"," ari: af  fmrterdf  aeueme aioedsascohG .cr S eadg.r aPfaaieaiiMstrpscee "
"Passage: Mice are afraid of cats.
Sheep are afraid of mice.
Gertrude is a mouse.
Winona is a mouse.
Emily is a sheep.
Cats are afraid of wolves.
Jessica is a sheep.
Wolves are afraid of sheep.
Question: What is jessica afraid of?
Answer:"," mouse","f eafGi gddamPsMcifai.saetfeaeS rer.aedtear:  ep eha ariuco ir osc   asmr"
"Passage: Mice are afraid of cats.
Sheep are afraid of mice.
Gertrude is a mouse.
Winona is a mouse.
Emily is a sheep.
Cats are afraid of wolves.
Jessica is a sheep.
Wolves are afraid of sheep.
Question: What is gertrude afraid of?
Answer:"," cat","dsaeumSdg rrei.aretdisfaeoifeea aGh ofs  arcier ac Pe tM:mr pic aaa fe. s"
"Passage: Mice are afraid of cats.
Sheep are afraid of mice.
Gertrude is a mouse.
Winona is a mouse.
Emily is a sheep.
Cats are afraid of wolves.
Jessica is a sheep.
Wolves are afraid of sheep.
Question: What is winona afraid of?
Answer:"," cat","iaedmeiGcreesPtrerSoaih.. gaeidae afsr   psai  fstf duc fe  aarm rMoac:ae"
"Passage: Cats are afraid of mice.
Emily is a cat.
Wolves are afraid of mice.
Gertrude is a cat.
Sheep are afraid of mice.
Mice are afraid of cats.
Winona is a cat.
Jessica is a wolf.
Question: What is jessica afraid of?
Answer:"," mouse"," a cs eiiamaaemdisaeo .o ar efPdffltarsWaria:c l yo cfa. asrm e gCesitiEv"
"Passage: Cats are afraid of mice.
Emily is a cat.
Wolves are afraid of mice.
Gertrude is a cat.
Sheep are afraid of mice.
Mice are afraid of cats.
Winona is a cat.
Jessica is a wolf.
Question: What is gertrude afraid of?
Answer:"," mouse","omPla e a e otEca etdi icasfesWalgrfsr: emsfi  .caaioCvsdeyraiaar  a.im f"
"Passage: Cats are afraid of mice.
Emily is a cat.
Wolves are afraid of mice.
Gertrude is a cat.
Sheep are afraid of mice.
Mice are afraid of cats.
Winona is a cat.
Jessica is a wolf.
Question: What is emily afraid of?
Answer:"," mouse",".o altccataimeg smalcid.e  eyf:Para rsaeCfWvfa i se Erreoia  ss omdiaa fi"
"Passage: Cats are afraid of mice.
Emily is a cat.
Wolves are afraid of mice.
Gertrude is a cat.
Sheep are afraid of mice.
Mice are afraid of cats.
Winona is a cat.
Jessica is a wolf.
Question: What is emily afraid of?
Answer:"," mouse","v  irydimPaWi sga  steai aCrf fmiaeoEsaaefa. .d eieamseaa crccs oofltr :l"
"Passage: Sheep are afraid of wolves.
Mice are afraid of cats.
Cats are afraid of sheep.
Wolves are afraid of cats.
Jessica is a cat.
Gertrude is a cat.
Emily is a sheep.
Winona is a wolf.
Question: What is winona afraid of?
Answer:"," cat","e erraaatfoer:cs .    dCsaiidreSslsraaaa oeiv.asawPfpa ce fafgtr eMfhoe a"
"Passage: Sheep are afraid of wolves.
Mice are afraid of cats.
Cats are afraid of sheep.
Wolves are afraid of cats.
Jessica is a cat.
Gertrude is a cat.
Emily is a sheep.
Winona is a wolf.
Question: What is emily afraid of?
Answer:"," wolf","racada r aiot aeas.sr coerfr . d:af eapie Ptasfee wof ae sgCefhaaiMlarSsv"
"Passage: Sheep are afraid of wolves.
Mice are afraid of cats.
Cats are afraid of sheep.
Wolves are afraid of cats.
Jessica is a cat.
Gertrude is a cat.
Emily is a sheep.
Winona is a wolf.
Question: What is gertrude afraid of?
Answer:"," sheep","fforrod e iadsitaaa:elis awfMfstvfh Ssera ras eP epa.raae c aaegrcaeoC . "
"Passage: Sheep are afraid of wolves.
Mice are afraid of cats.
Cats are afraid of sheep.
Wolves are afraid of cats.
Jessica is a cat.
Gertrude is a cat.
Emily is a sheep.
Winona is a wolf.
Question: What is winona afraid of?
Answer:"," cat","h  saefefasaat ai raai:roeCd  e adPa fMfeofeeswSacileacra rarp g..ost vsr"
"Passage: Sheep are afraid of mice.
Wolves are afraid of mice.
Winona is a sheep.
Mice are afraid of cats.
Cats are afraid of sheep.
Emily is a wolf.
Gertrude is a wolf.
Jessica is a cat.
Question: What is gertrude afraid of?
Answer:"," mouse","sidao  g anWmee ..sarfire  oiSn iWsiie roPcaav leaeaec  fdam:sre oahfsfap"
"Passage: Sheep are afraid of mice.
Wolves are afraid of mice.
Winona is a sheep.
Mice are afraid of cats.
Cats are afraid of sheep.
Emily is a wolf.
Gertrude is a wolf.
Jessica is a cat.
Question: What is gertrude afraid of?
Answer:"," mouse","aW:msPS aea f   eoh aeal do aefasiecfrcepgnsi rarim .aafrinid W.eessvioo "
"Passage: Sheep are afraid of mice.
Wolves are afraid of mice.
Winona is a sheep.
Mice are afraid of cats.
Cats are afraid of sheep.
Emily is a wolf.
Gertrude is a wolf.
Jessica is a cat.
Question: What is winona afraid of?
Answer:"," mouse","niod soeccf Smeimevsg oraW:niap.rafeaelW r.s  ara eiehaoaf  sPa  iisedfa "
"Passage: Sheep are afraid of mice.
Wolves are afraid of mice.
Winona is a sheep.
Mice are afraid of cats.
Cats are afraid of sheep.
Emily is a wolf.
Gertrude is a wolf.
Jessica is a cat.
Question: What is gertrude afraid of?
Answer:"," mouse","h  rfmocv iarWsee  emi  Wsp.eessnaroP.dei feaa nsa dcfaaaaro:oflS ieaii g"
"Passage: Sheep are afraid of mice.
Wolves are afraid of cats.
Cats are afraid of wolves.
Winona is a sheep.
Mice are afraid of cats.
Jessica is a wolf.
Emily is a wolf.
Gertrude is a wolf.
Question: What is gertrude afraid of?
Answer:"," cat","aragaPaCldasvta  i  srairraaor.apifehsc. oec ffst:S da es eaef  erWoemafe"
"Passage: Sheep are afraid of mice.
Wolves are afraid of cats.
Cats are afraid of wolves.
Winona is a sheep.
Mice are afraid of cats.
Jessica is a wolf.
Emily is a wolf.
Gertrude is a wolf.
Question: What is jessica afraid of?
Answer:"," cat","elsvC detsr.gar  rrdaoraofieaafiaceee saofa .efWaPtmeah a aifpa S: crss  "
"Passage: Sheep are afraid of mice.
Wolves are afraid of cats.
Cats are afraid of wolves.
Winona is a sheep.
Mice are afraid of cats.
Jessica is a wolf.
Emily is a wolf.
Gertrude is a wolf.
Question: What is emily afraid of?
Answer:"," cat"," irtaadeoaptee.a la fcrPWafoa .reirhas:eoeafea gfmsv deaasfcrCis ar sS   "
"Passage: Sheep are afraid of mice.
Wolves are afraid of cats.
Cats are afraid of wolves.
Winona is a sheep.
Mice are afraid of cats.
Jessica is a wolf.
Emily is a wolf.
Gertrude is a wolf.
Question: What is emily afraid of?
Answer:"," cat","raa sleatWefa oe sa  fecSao eer.mf saraiert.iC spgao dfravhedcas aP arfi:"
"Passage: Wolves are afraid of sheep.
Cats are afraid of mice.
Jessica is a wolf.
Mice are afraid of wolves.
Sheep are afraid of wolves.
Emily is a mouse.
Winona is a cat.
Gertrude is a mouse.
Question: What is emily afraid of?
Answer:"," wolf","e asco  eiWrfm asar lfsieJC arae eodPaeacfa  :fsoesgdapra a esii.h i.svst"
"Passage: Wolves are afraid of sheep.
Cats are afraid of mice.
Jessica is a wolf.
Mice are afraid of wolves.
Sheep are afraid of wolves.
Emily is a mouse.
Winona is a cat.
Gertrude is a mouse.
Question: What is jessica afraid of?
Answer:"," sheep","sr: gs s Waara.fcmea    lreod rid i  eespcasot aPihfsiJfevifseasaaeCeaao."
"Passage: Wolves are afraid of sheep.
Cats are afraid of mice.
Jessica is a wolf.
Mice are afraid of wolves.
Sheep are afraid of wolves.
Emily is a mouse.
Winona is a cat.
Gertrude is a mouse.
Question: What is winona afraid of?
Answer:"," mouse","aseee:seosrae irfp teoadigvi fWs.daafascs esPseaa lrJi.mra h oC   c  afia"
"Passage: Wolves are afraid of sheep.
Cats are afraid of mice.
Jessica is a wolf.
Mice are afraid of wolves.
Sheep are afraid of wolves.
Emily is a mouse.
Winona is a cat.
Gertrude is a mouse.
Question: What is jessica afraid of?
Answer:"," sheep","gsaeis s  p ec caor afeeJ isaPrisohieamrd:rW adv ts efaCe..aaa essaf foil"
"Passage: Wolves are afraid of sheep.
Cats are afraid of sheep.
Jessica is a cat.
Emily is a cat.
Mice are afraid of wolves.
Sheep are afraid of mice.
Gertrude is a mouse.
Winona is a wolf.
Question: What is winona afraid of?
Answer:"," sheep","s  ov  aedfceWfr aeo.aresa sossisg:i hrfsaailfP herseeC   aiaapad.atsJeep"
"Passage: Wolves are afraid of sheep.
Cats are afraid of sheep.
Jessica is a cat.
Emily is a cat.
Mice are afraid of wolves.
Sheep are afraid of mice.
Gertrude is a mouse.
Winona is a wolf.
Question: What is emily afraid of?
Answer:"," sheep"," ss a ei afsest aia erdc rs:.Pho ie.ra epvJes aeWeradfloosaaaf Csihsagpfe"
"Passage: Wolves are afraid of sheep.
Cats are afraid of sheep.
Jessica is a cat.
Emily is a cat.
Mice are afraid of wolves.
Sheep are afraid of mice.
Gertrude is a mouse.
Winona is a wolf.
Question: What is gertrude afraid of?
Answer:"," wolf","evps dolaaessres cfs aerfdsa .sCe esJgPfreae oiheWap a:raft.ah oia i i sa"
"Passage: Wolves are afraid of sheep.
Cats are afraid of sheep.
Jessica is a cat.
Emily is a cat.
Mice are afraid of wolves.
Sheep are afraid of mice.
Gertrude is a mouse.
Winona is a wolf.
Question: What is jessica afraid of?
Answer:"," sheep","dora ae Wlasf P isaa gfae: epeoerireCfv. .asia shseefdssroe  apahstia Jcs"
"Passage: Sheep are afraid of wolves.
Wolves are afraid of mice.
Gertrude is a sheep.
Jessica is a wolf.
Cats are afraid of mice.
Mice are afraid of cats.
Emily is a mouse.
Winona is a wolf.
Question: What is gertrude afraid of?
Answer:"," wolf","Pofa   fasrirsfe oiorievrrd Weiseemvdw ethfaasdaog aaG ur p:cS .sleeaele."
"Passage: Sheep are afraid of wolves.
Wolves are afraid of mice.
Gertrude is a sheep.
Jessica is a wolf.
Cats are afraid of mice.
Mice are afraid of cats.
Emily is a mouse.
Winona is a wolf.
Question: What is jessica afraid of?
Answer:"," mouse","lsishwgateW.ea eiia rdroevlsomv PiaofrSeo.epGdfe sufafc a s: r   rreeaeda"
"Passage: Sheep are afraid of wolves.
Wolves are afraid of mice.
Gertrude is a sheep.
Jessica is a wolf.
Cats are afraid of mice.
Mice are afraid of cats.
Emily is a mouse.
Winona is a wolf.
Question: What is winona afraid of?
Answer:"," mouse","w.e reoa ise:apredesa.lha e rGvoSfaaoiarfWa c smiuoi er dd fevs lfrtegPes"
"Passage: Sheep are afraid of wolves.
Wolves are afraid of mice.
Gertrude is a sheep.
Jessica is a wolf.
Cats are afraid of mice.
Mice are afraid of cats.
Emily is a mouse.
Winona is a wolf.
Question: What is gertrude afraid of?
Answer:"," wolf","srdreofsfefaaGaat od e eoe.meiSaui rie dereilsprg PlseW :.shvfwvaaao cr  "
"Passage: Cats are afraid of sheep.
Wolves are afraid of sheep.
Sheep are afraid of mice.
Jessica is a cat.
Gertrude is a wolf.
Emily is a cat.
Mice are afraid of wolves.
Winona is a cat.
Question: What is jessica afraid of?
Answer:"," sheep","a Peoelfe se  s.aeav sep fpWg.aaiardarp fSfeshsrihoha rsre  eoCed:taaefa "
"Passage: Cats are afraid of sheep.
Wolves are afraid of sheep.
Sheep are afraid of mice.
Jessica is a cat.
Gertrude is a wolf.
Emily is a cat.
Mice are afraid of wolves.
Winona is a cat.
Question: What is winona afraid of?
Answer:"," sheep","psidslefsCaaehaeeee fagPrr he e   her.so:aiSea aoffop dp.arfr sa aastv We"
"Passage: Cats are afraid of sheep.
Wolves are afraid of sheep.
Sheep are afraid of mice.
Jessica is a cat.
Gertrude is a wolf.
Emily is a cat.
Mice are afraid of wolves.
Winona is a cat.
Question: What is gertrude afraid of?
Answer:"," sheep","Poardt . ef ae eo: ireWhhCea Sfe foefrg ea rhap aafslvpa aessap.saersesid"
"Passage: Cats are afraid of sheep.
Wolves are afraid of sheep.
Sheep are afraid of mice.
Jessica is a cat.
Gertrude is a wolf.
Emily is a cat.
Mice are afraid of wolves.
Winona is a cat.
Question: What is winona afraid of?
Answer:"," sheep","ea rsfSh e feWeP aasar  eaa.Cfaoealdphsvp hr reapfi f odatgaisesee.:orse "
"Passage: Mice are afraid of cats.
Sheep are afraid of wolves.
Cats are afraid of sheep.
Wolves are afraid of sheep.
Jessica is a sheep.
Gertrude is a sheep.
Emily is a sheep.
Winona is a mouse.
Question: What is emily afraid of?
Answer:"," wolf","frrec stf : ildoeefeo aawMaaiarvPpa  .tr eog fseesf hSisC. r daasaraaceaa"
"Passage: Mice are afraid of cats.
Sheep are afraid of wolves.
Cats are afraid of sheep.
Wolves are afraid of sheep.
Jessica is a sheep.
Gertrude is a sheep.
Emily is a sheep.
Winona is a mouse.
Question: What is jessica afraid of?
Answer:"," wolf","ha ra fv Praar fe aea.eeowt pafaccf: fCs Se oaassMatldr.isgrdra sioeeia e"
"Passage: Mice are afraid of cats.
Sheep are afraid of wolves.
Cats are afraid of sheep.
Wolves are afraid of sheep.
Jessica is a sheep.
Gertrude is a sheep.
Emily is a sheep.
Winona is a mouse.
Question: What is jessica afraid of?
Answer:"," wolf"," spPaeass efdasg ait. dSrefco aa Mwaror trvfefs  Coa.ree a iafaeiraehc:al"
"Passage: Mice are afraid of cats.
Sheep are afraid of wolves.
Cats are afraid of sheep.
Wolves are afraid of sheep.
Jessica is a sheep.
Gertrude is a sheep.
Emily is a sheep.
Winona is a mouse.
Question: What is gertrude afraid of?
Answer:"," wolf","Pferasdir ea.o esa iaaira eer M fhadgSetp rsaarvoeta cw: o fsc.afeCfs laa"
"Passage: Sheep are afraid of cats.
Mice are afraid of sheep.
Cats are afraid of wolves.
Emily is a sheep.
Gertrude is a cat.
Wolves are afraid of sheep.
Winona is a mouse.
Jessica is a mouse.
Question: What is jessica afraid of?
Answer:"," sheep","i aesofrCef.r ftaaeeisfhrie.h Sgp daes:P  sraeaao  cc iMsr e pafateaaadra"
"Passage: Sheep are afraid of cats.
Mice are afraid of sheep.
Cats are afraid of wolves.
Emily is a sheep.
Gertrude is a cat.
Wolves are afraid of sheep.
Winona is a mouse.
Jessica is a mouse.
Question: What is winona afraid of?
Answer:"," sheep"," rcSaaatesMa  s:apieae aeCeeasop ihaa ref origfPa.afc  dfh feerr ssirt.da"
"Passage: Sheep are afraid of cats.
Mice are afraid of sheep.
Cats are afraid of wolves.
Emily is a sheep.
Gertrude is a cat.
Wolves are afraid of sheep.
Winona is a mouse.
Jessica is a mouse.
Question: What is winona afraid of?
Answer:"," sheep","Mfearo:radiSpeaetge fraehe   aefodsifaassiPeeacssaaraac rh ar t. fiC   .p"
"Passage: Sheep are afraid of cats.
Mice are afraid of sheep.
Cats are afraid of wolves.
Emily is a sheep.
Gertrude is a cat.
Wolves are afraid of sheep.
Winona is a mouse.
Jessica is a mouse.
Question: What is jessica afraid of?
Answer:"," sheep","gf aPdah  sefotaf:e eaciseaapassraeirfr  e  r.C f .ceeiaoi ratsadahSpreMa"
"Passage: Sheep are afraid of wolves.
Mice are afraid of wolves.
Winona is a mouse.
Jessica is a mouse.
Cats are afraid of sheep.
Gertrude is a cat.
Emily is a cat.
Wolves are afraid of sheep.
Question: What is gertrude afraid of?
Answer:"," sheep","goai n ceo hMsPasadriolSiar vaievwa w r fef.. elase:o neeepraa  dfioWfssa"
"Passage: Sheep are afraid of wolves.
Mice are afraid of wolves.
Winona is a mouse.
Jessica is a mouse.
Cats are afraid of sheep.
Gertrude is a cat.
Emily is a cat.
Wolves are afraid of sheep.
Question: What is jessica afraid of?
Answer:"," wolf"," effdslohpr Polea.is   iiceeaa oersa:.aonvMofv  wwWsnrearei iSaaa  sgaedf"
"Passage: Sheep are afraid of wolves.
Mice are afraid of wolves.
Winona is a mouse.
Jessica is a mouse.
Cats are afraid of sheep.
Gertrude is a cat.
Emily is a cat.
Wolves are afraid of sheep.
Question: What is winona afraid of?
Answer:"," wolf"," rph glda scMaoiedf.aeeroissveeiiisfana: wPraaaae ores  venwff.a oS Wo  l"
"Passage: Sheep are afraid of wolves.
Mice are afraid of wolves.
Winona is a mouse.
Jessica is a mouse.
Cats are afraid of sheep.
Gertrude is a cat.
Emily is a cat.
Wolves are afraid of sheep.
Question: What is jessica afraid of?
Answer:"," wolf","hadlf aeeege vafisfn eo do:MfoaaaSo eriera  iw ssw liPano.r a seiprvcs.Wa"
"Passage: Wolves are afraid of sheep.
Emily is a wolf.
Cats are afraid of mice.
Mice are afraid of cats.
Jessica is a mouse.
Sheep are afraid of cats.
Winona is a wolf.
Gertrude is a sheep.
Question: What is gertrude afraid of?
Answer:"," cat","alo  aaodheeiv fasdat  fyasrel :ie sfeloamam  .srwaassPi.CipWogrie fE  fr"
"Passage: Wolves are afraid of sheep.
Emily is a wolf.
Cats are afraid of mice.
Mice are afraid of cats.
Jessica is a mouse.
Sheep are afraid of cats.
Winona is a wolf.
Gertrude is a sheep.
Question: What is winona afraid of?
Answer:"," sheep","afr al df moievlipo sf:ra oe Cdr rasefWis  satPl.i  aesagm.wo sahfeayEeai"
"Passage: Wolves are afraid of sheep.
Emily is a wolf.
Cats are afraid of mice.
Mice are afraid of cats.
Jessica is a mouse.
Sheep are afraid of cats.
Winona is a wolf.
Gertrude is a sheep.
Question: What is jessica afraid of?
Answer:"," cat","asifs af y ioo.ve: ll arrfeiamrawio da gpssaasaPC  is fealhWeEo.feertd  m"
"Passage: Wolves are afraid of sheep.
Emily is a wolf.
Cats are afraid of mice.
Mice are afraid of cats.
Jessica is a mouse.
Sheep are afraid of cats.
Winona is a wolf.
Gertrude is a sheep.
Question: What is jessica afraid of?
Answer:"," cat","fsemWsrafeeolia  s:a .prifsoaisaot hi .reEo  adlCvlyefsga w em fidrPa a a"
"Passage: Sheep are afraid of wolves.
Cats are afraid of mice.
Jessica is a cat.
Gertrude is a cat.
Wolves are afraid of cats.
Emily is a sheep.
Mice are afraid of cats.
Winona is a mouse.
Question: What is jessica afraid of?
Answer:"," mouse","ew aadsreg :sraei .aotfoeC  .eaSaea a  ha lasm sr iJfoic iipffsdePssacerv"
"Passage: Sheep are afraid of wolves.
Cats are afraid of mice.
Jessica is a cat.
Gertrude is a cat.
Wolves are afraid of cats.
Emily is a sheep.
Mice are afraid of cats.
Winona is a mouse.
Question: What is emily afraid of?
Answer:"," wolf"," dsi ovfdai.amrtciefhep erwlse esssoa aoe SaPier:Ca  Jg f  aasi.araca fse"
"Passage: Sheep are afraid of wolves.
Cats are afraid of mice.
Jessica is a cat.
Gertrude is a cat.
Wolves are afraid of cats.
Emily is a sheep.
Mice are afraid of cats.
Winona is a mouse.
Question: What is winona afraid of?
Answer:"," cat",".ers edffhiireeaop oieirvcsfs aas ga.as Jmi c:w  eeaaso  Pasl faeaaCrS td"
"Passage: Sheep are afraid of wolves.
Cats are afraid of mice.
Jessica is a cat.
Gertrude is a cat.
Wolves are afraid of cats.
Emily is a sheep.
Mice are afraid of cats.
Winona is a mouse.
Question: What is gertrude afraid of?
Answer:"," mouse","im fdpiaed faa   SfCoPria es w iaaserieae aess:.aarcoh.s fe cseo vJartlgs"
"Passage: Wolves are afraid of sheep.
Winona is a wolf.
Cats are afraid of wolves.
Gertrude is a cat.
Mice are afraid of wolves.
Jessica is a mouse.
Emily is a wolf.
Sheep are afraid of cats.
Question: What is winona afraid of?
Answer:"," sheep","ireeo:Wf eWPs.oasiahl  rlawrrvd.sa aaia af Cwfd   nfpostaoegna soae seif "
"Passage: Wolves are afraid of sheep.
Winona is a wolf.
Cats are afraid of wolves.
Gertrude is a cat.
Mice are afraid of wolves.
Jessica is a mouse.
Emily is a wolf.
Sheep are afraid of cats.
Question: What is jessica afraid of?
Answer:"," wolf","e.Wssfheeditwi  iWipn:Pa fs   oadfflseoors raava   Ceolw aenfga.ro aaaars"
"Passage: Wolves are afraid of sheep.
Winona is a wolf.
Cats are afraid of wolves.
Gertrude is a cat.
Mice are afraid of wolves.
Jessica is a mouse.
Emily is a wolf.
Sheep are afraid of cats.
Question: What is jessica afraid of?
Answer:"," wolf","hegi  deavs.rfosfi  afe:ooarp oW nrilePfa aw fraidCss aalwae esnt oaa .sW"
"Passage: Wolves are afraid of sheep.
Winona is a wolf.
Cats are afraid of wolves.
Gertrude is a cat.
Mice are afraid of wolves.
Jessica is a mouse.
Emily is a wolf.
Sheep are afraid of cats.
Question: What is gertrude afraid of?
Answer:"," wolf","wifr oso apad ng faaili.WlrrCfotadra oPassf.v ssae: nsa wahefaeoe e  ei W"
"Passage: Cats are afraid of mice.
Sheep are afraid of wolves.
Wolves are afraid of mice.
Winona is a sheep.
Gertrude is a cat.
Emily is a sheep.
Jessica is a sheep.
Mice are afraid of wolves.
Question: What is emily afraid of?
Answer:"," wolf","eaia:ef fodoe  r es saga seiPiv w arap.eSvahe sclodWasffarrltamree a Cof."
"Passage: Cats are afraid of mice.
Sheep are afraid of wolves.
Wolves are afraid of mice.
Winona is a sheep.
Gertrude is a cat.
Emily is a sheep.
Jessica is a sheep.
Mice are afraid of wolves.
Question: What is gertrude afraid of?
Answer:"," mouse","lW   earoiotedwaahessaiSfmrrie fPosadve fafope. l.ee:aavf eas srcC gar  a"
"Passage: Cats are afraid of mice.
Sheep are afraid of wolves.
Wolves are afraid of mice.
Winona is a sheep.
Gertrude is a cat.
Emily is a sheep.
Jessica is a sheep.
Mice are afraid of wolves.
Question: What is emily afraid of?
Answer:"," wolf"," e.iPai h aeivffaoeesrlf c ats.Wms lr ae e fwperSog:esaaads roaarC edavfo"
"Passage: Cats are afraid of mice.
Sheep are afraid of wolves.
Wolves are afraid of mice.
Winona is a sheep.
Gertrude is a cat.
Emily is a sheep.
Jessica is a sheep.
Mice are afraid of wolves.
Question: What is winona afraid of?
Answer:"," wolf","oeefvoavmohaaoeC iafr.P.lli taredSssfrsi afed  aerWwc r gaa:a se pasef e "
"Passage: Mice are afraid of wolves.
Cats are afraid of wolves.
Jessica is a cat.
Sheep are afraid of cats.
Gertrude is a cat.
Emily is a mouse.
Winona is a cat.
Wolves are afraid of cats.
Question: What is gertrude afraid of?
Answer:"," wolf","aar  sweefasgCoaf   Melsrfo.s s vwaoeJa vcaeadelafPiss .as e:aciotirrdii "
"Passage: Mice are afraid of wolves.
Cats are afraid of wolves.
Jessica is a cat.
Sheep are afraid of cats.
Gertrude is a cat.
Emily is a mouse.
Winona is a cat.
Wolves are afraid of cats.
Question: What is gertrude afraid of?
Answer:"," wolf","svcof.Cs.gif  oeJda as  eoaa:eoiPMrsstaairs aswfie f rwadle ia crele sava"
"Passage: Mice are afraid of wolves.
Cats are afraid of wolves.
Jessica is a cat.
Sheep are afraid of cats.
Gertrude is a cat.
Emily is a mouse.
Winona is a cat.
Wolves are afraid of cats.
Question: What is jessica afraid of?
Answer:"," wolf","faa.eiwPi aiis:eofr asgsevor eesvs sJ  ltorasa dcli.rwaco  e adsaaMf afCe"
"Passage: Mice are afraid of wolves.
Cats are afraid of wolves.
Jessica is a cat.
Sheep are afraid of cats.
Gertrude is a cat.
Emily is a mouse.
Winona is a cat.
Wolves are afraid of cats.
Question: What is gertrude afraid of?
Answer:"," wolf","eis:lcavfs  wfi gwJr  fo i Caeiioadsa  Mdsesosaerar.eaaes rofacltav.s Pea"
"Passage: Mice are afraid of wolves.
Wolves are afraid of mice.
Cats are afraid of mice.
Winona is a wolf.
Jessica is a mouse.
Sheep are afraid of cats.
Gertrude is a mouse.
Emily is a mouse.
Question: What is jessica afraid of?
Answer:"," wolf"," CP sfrWesMfeadriev aldocmseteo rwilf fas. rvir reoase o agaa aa f.:eaiac"
"Passage: Mice are afraid of wolves.
Wolves are afraid of mice.
Cats are afraid of mice.
Winona is a wolf.
Jessica is a mouse.
Sheep are afraid of cats.
Gertrude is a mouse.
Emily is a mouse.
Question: What is winona afraid of?
Answer:"," mouse"," crafoae  mo.Pafriea  earfgl saesrrWvfCe aaoisl:i adee erasMds.otvcw ifa "
"Passage: Mice are afraid of wolves.
Wolves are afraid of mice.
Cats are afraid of mice.
Winona is a wolf.
Jessica is a mouse.
Sheep are afraid of cats.
Gertrude is a mouse.
Emily is a mouse.
Question: What is jessica afraid of?
Answer:"," wolf"," ltiov.sgaslfC frcase  iP aefae  es Weaer  a:d dimaaioaov.srrrceawMeffroa"
"Passage: Mice are afraid of wolves.
Wolves are afraid of mice.
Cats are afraid of mice.
Winona is a wolf.
Jessica is a mouse.
Sheep are afraid of cats.
Gertrude is a mouse.
Emily is a mouse.
Question: What is jessica afraid of?
Answer:"," wolf","lf vartse  rfaiiedro. ar WgvPeescfaMa soeCois  esda:ae.eflmf oaaw airarc "
"Passage: Sheep are afraid of mice.
Wolves are afraid of sheep.
Cats are afraid of mice.
Jessica is a wolf.
Winona is a wolf.
Gertrude is a cat.
Mice are afraid of sheep.
Emily is a sheep.
Question: What is gertrude afraid of?
Answer:"," mouse","crdridrh eaap  e. a: Wos  afeoirPsSimel feh efrCsgee.s aop rvfasaaefaetaa"
"Passage: Sheep are afraid of mice.
Wolves are afraid of sheep.
Cats are afraid of mice.
Jessica is a wolf.
Winona is a wolf.
Gertrude is a cat.
Mice are afraid of sheep.
Emily is a sheep.
Question: What is gertrude afraid of?
Answer:"," mouse","s edemtssdo feWh Sfiiraosr aaofc ee .gprrfeeis eC:vpa e.hraraf aa aPaa el"
"Passage: Sheep are afraid of mice.
Wolves are afraid of sheep.
Cats are afraid of mice.
Jessica is a wolf.
Winona is a wolf.
Gertrude is a cat.
Mice are afraid of sheep.
Emily is a sheep.
Question: What is emily afraid of?
Answer:"," mouse","   feapa aceereiea arlaSe ifamaPdsfr:Whaoo arv.seCr. seegestip sr dffh oa"
"Passage: Sheep are afraid of mice.
Wolves are afraid of sheep.
Cats are afraid of mice.
Jessica is a wolf.
Winona is a wolf.
Gertrude is a cat.
Mice are afraid of sheep.
Emily is a sheep.
Question: What is winona afraid of?
Answer:"," sheep","focmvap drsiasae a ls rai  rfeePegft.:fsaeeSihCdse ahoaaefeorpr .aa e r W"
"Passage: Sheep are afraid of mice.
Wolves are afraid of sheep.
Winona is a sheep.
Mice are afraid of wolves.
Gertrude is a sheep.
Cats are afraid of sheep.
Jessica is a mouse.
Emily is a wolf.
Question: What is gertrude afraid of?
Answer:"," mouse","Wofse  aSldePe.saesaac hpo m feWopnoeaa raia  sineei: igrsahra.frd  ie fv"
"Passage: Sheep are afraid of mice.
Wolves are afraid of sheep.
Winona is a sheep.
Mice are afraid of wolves.
Gertrude is a sheep.
Cats are afraid of sheep.
Jessica is a mouse.
Emily is a wolf.
Question: What is winona afraid of?
Answer:"," mouse","hs  eeihrr.e id.ae  fPdasoelfma a svnoapapaf:aeeg a aSsornW ofiWec iei rs"
"Passage: Sheep are afraid of mice.
Wolves are afraid of sheep.
Winona is a sheep.
Mice are afraid of wolves.
Gertrude is a sheep.
Cats are afraid of sheep.
Jessica is a mouse.
Emily is a wolf.
Question: What is gertrude afraid of?
Answer:"," mouse","sr.v fae shaW i mas.pe reieiSoeWePisdpod nh e:fgalrafioa aoae rcea n sa f"
"Passage: Sheep are afraid of mice.
Wolves are afraid of sheep.
Winona is a sheep.
Mice are afraid of wolves.
Gertrude is a sheep.
Cats are afraid of sheep.
Jessica is a mouse.
Emily is a wolf.
Question: What is jessica afraid of?
Answer:"," wolf","fedodein   ihrfo a aeseeWpsmh:afira anoaaa p  ivfs.gP  e lrrae.escisoSWea"
"Passage: Sheep are afraid of cats.
Cats are afraid of sheep.
Jessica is a cat.
Gertrude is a cat.
Mice are afraid of wolves.
Winona is a mouse.
Wolves are afraid of mice.
Emily is a sheep.
Question: What is winona afraid of?
Answer:"," wolf"," aJao fPse haiacSgs essatrr. rr aeifidfe sc:p aca.oi d hsaepeeCsfeaaa ts "
"Passage: Sheep are afraid of cats.
Cats are afraid of sheep.
Jessica is a cat.
Gertrude is a cat.
Mice are afraid of wolves.
Winona is a mouse.
Wolves are afraid of mice.
Emily is a sheep.
Question: What is jessica afraid of?
Answer:"," sheep","aaaiera. spsJ eiC  hrePcarfoitd:e s.osaeai scaagepfssa da ateSrchf fe  s "
"Passage: Sheep are afraid of cats.
Cats are afraid of sheep.
Jessica is a cat.
Gertrude is a cat.
Mice are afraid of wolves.
Winona is a mouse.
Wolves are afraid of mice.
Emily is a sheep.
Question: What is emily afraid of?
Answer:"," cat","sdahi acpas  dtgs eesPe eiJeosa cfs aaffef.isipe:a t.aCar   Shrraarcsoae "
"Passage: Sheep are afraid of cats.
Cats are afraid of sheep.
Jessica is a cat.
Gertrude is a cat.
Mice are afraid of wolves.
Winona is a mouse.
Wolves are afraid of mice.
Emily is a sheep.
Question: What is emily afraid of?
Answer:"," cat","e  t.cescf:hderoi CaoP r.fra ahisseagaiass apeesae  eafs tcSJrf aad s pai"
"Passage: Mice are afraid of cats.
Wolves are afraid of mice.
Emily is a wolf.
Gertrude is a mouse.
Cats are afraid of wolves.
Winona is a mouse.
Sheep are afraid of mice.
Jessica is a mouse.
Question: What is jessica afraid of?
Answer:"," cat","or: m  meEffa lfi.aawe  rcallssycaef  .vcsiriiodae dtaoaoM giraaesePi  sW"
"Passage: Mice are afraid of cats.
Wolves are afraid of mice.
Emily is a wolf.
Gertrude is a mouse.
Cats are afraid of wolves.
Winona is a mouse.
Sheep are afraid of mice.
Jessica is a mouse.
Question: What is winona afraid of?
Answer:"," cat","yPrflareieeMlse c if .Eai oosdiafa idasts m:e  acac s ameW .flwrovaro iga"
"Passage: Mice are afraid of cats.
Wolves are afraid of mice.
Emily is a wolf.
Gertrude is a mouse.
Cats are afraid of wolves.
Winona is a mouse.
Sheep are afraid of mice.
Jessica is a mouse.
Question: What is gertrude afraid of?
Answer:"," cat","eolrs .Msi:ifiaaei warlata  ssa  s  lamd ff.edcveoaeamf E oyreoW Priacgci"
"Passage: Mice are afraid of cats.
Wolves are afraid of mice.
Emily is a wolf.
Gertrude is a mouse.
Cats are afraid of wolves.
Winona is a mouse.
Sheep are afraid of mice.
Jessica is a mouse.
Question: What is winona afraid of?
Answer:"," cat"," mrrty er .sE i. :asiom fewo oPafaaeicgi   WlfaesieacsaafsMcllea or iaddv"
"Passage: Wolves are afraid of sheep.
Sheep are afraid of wolves.
Mice are afraid of sheep.
Emily is a mouse.
Cats are afraid of mice.
Gertrude is a cat.
Jessica is a cat.
Winona is a mouse.
Question: What is winona afraid of?
Answer:"," sheep","aa.eeoa hi   sesedd.Woerasrgeafiifll orsar voeaPvM:erha ffea ce pwSe s pa"
"Passage: Wolves are afraid of sheep.
Sheep are afraid of wolves.
Mice are afraid of sheep.
Emily is a mouse.
Cats are afraid of mice.
Gertrude is a cat.
Jessica is a cat.
Winona is a mouse.
Question: What is winona afraid of?
Answer:"," sheep","reaorws feePereee a see c oMlgeWdrfaarha esv.ioSfsls .pa iio:hava apfad  "
"Passage: Wolves are afraid of sheep.
Sheep are afraid of wolves.
Mice are afraid of sheep.
Emily is a mouse.
Cats are afraid of mice.
Gertrude is a cat.
Jessica is a cat.
Winona is a mouse.
Question: What is winona afraid of?
Answer:"," sheep","s laghwesrraeahd aeoearffvp aadSevfisePocesW iaM.oef:l .er po    saieae r"
"Passage: Wolves are afraid of sheep.
Sheep are afraid of wolves.
Mice are afraid of sheep.
Emily is a mouse.
Cats are afraid of mice.
Gertrude is a cat.
Jessica is a cat.
Winona is a mouse.
Question: What is jessica afraid of?
Answer:"," mouse","evifhfw Mp.ra.erreiesWeoeaaa   ehr: frg vcolaafP ao iseasd  e soeapsaSeld"
"Passage: Cats are afraid of mice.
Wolves are afraid of sheep.
Gertrude is a wolf.
Sheep are afraid of cats.
Emily is a wolf.
Jessica is a sheep.
Mice are afraid of cats.
Winona is a sheep.
Question: What is gertrude afraid of?
Answer:"," sheep","erf o.i:Crahsife  d sas oefeeeWtr adue scda .aPaalmr iaotGrsivp fage eras"
"Passage: Cats are afraid of mice.
Wolves are afraid of sheep.
Gertrude is a wolf.
Sheep are afraid of cats.
Emily is a wolf.
Jessica is a sheep.
Mice are afraid of cats.
Winona is a sheep.
Question: What is emily afraid of?
Answer:"," sheep","oaerf epsla aioWtrs.vea: c mfateesag aa ure rdi .f sesrGarda hiCsoPe iedf"
"Passage: Cats are afraid of mice.
Wolves are afraid of sheep.
Gertrude is a wolf.
Sheep are afraid of cats.
Emily is a wolf.
Jessica is a sheep.
Mice are afraid of cats.
Winona is a sheep.
Question: What is winona afraid of?
Answer:"," cat","osi shagef erWr Persasaeafere f poaG tmas: lea aCc.eerf aosividiat.d du r"
"Passage: Cats are afraid of mice.
Wolves are afraid of sheep.
Gertrude is a wolf.
Sheep are afraid of cats.
Emily is a wolf.
Jessica is a sheep.
Mice are afraid of cats.
Winona is a sheep.
Question: What is winona afraid of?
Answer:"," cat","  rd al:ovs foiWeifsad.uP  o s gaesaGarmrfai era arhste.teesfepdircCee aa"
"Passage: Mice are afraid of cats.
Cats are afraid of sheep.
Gertrude is a cat.
Wolves are afraid of sheep.
Sheep are afraid of mice.
Jessica is a cat.
Emily is a mouse.
Winona is a mouse.
Question: What is gertrude afraid of?
Answer:"," sheep","aGfsusoa oaMreretp casfc i seaifdc .eeha:a ed gaef rr Pir ttCs .aaesri da"
"Passage: Mice are afraid of cats.
Cats are afraid of sheep.
Gertrude is a cat.
Wolves are afraid of sheep.
Sheep are afraid of mice.
Jessica is a cat.
Emily is a mouse.
Winona is a mouse.
Question: What is emily afraid of?
Answer:"," cat","oac i aerGsf usa sritsiaa   aMaeas.at fdrehcecieradf :drtgfs.eoePp re a C"
"Passage: Mice are afraid of cats.
Cats are afraid of sheep.
Gertrude is a cat.
Wolves are afraid of sheep.
Sheep are afraid of mice.
Jessica is a cat.
Emily is a mouse.
Winona is a mouse.
Question: What is winona afraid of?
Answer:"," cat","s deeeoaGCiactaeagdr aPfsect cffrph: raates d. f  aa ur.iesis aeor Mria s"
"Passage: Mice are afraid of cats.
Cats are afraid of sheep.
Gertrude is a cat.
Wolves are afraid of sheep.
Sheep are afraid of mice.
Jessica is a cat.
Emily is a mouse.
Winona is a mouse.
Question: What is jessica afraid of?
Answer:"," sheep","seu  e   arsieccoedtMaicrasaatg:dafsefPaa fd.f sCGe tei ahs . riear arorp"
"Passage: Sheep are afraid of wolves.
Mice are afraid of sheep.
Wolves are afraid of sheep.
Winona is a mouse.
Cats are afraid of mice.
Emily is a sheep.
Jessica is a cat.
Gertrude is a sheep.
Question: What is winona afraid of?
Answer:"," sheep","Wpaefgflware aaf  e  v.leir asePeo roeer.Si:iehssdaea orc ep oasd asfaMvh"
"Passage: Sheep are afraid of wolves.
Mice are afraid of sheep.
Wolves are afraid of sheep.
Winona is a mouse.
Cats are afraid of mice.
Emily is a sheep.
Jessica is a cat.
Gertrude is a sheep.
Question: What is winona afraid of?
Answer:"," sheep","a par fMieoPf Se.osge eaaaifeseaher vidverecof rpl r sdWl aoe.ea shswaa: "
"Passage: Sheep are afraid of wolves.
Mice are afraid of sheep.
Wolves are afraid of sheep.
Winona is a mouse.
Cats are afraid of mice.
Emily is a sheep.
Jessica is a cat.
Gertrude is a sheep.
Question: What is jessica afraid of?
Answer:"," mouse","eaf d eaMfrvi Scess sap roaaaef.:r  aioesew a ilv.orWshrPepfhola eeeaged "
"Passage: Sheep are afraid of wolves.
Mice are afraid of sheep.
Wolves are afraid of sheep.
Winona is a mouse.
Cats are afraid of mice.
Emily is a sheep.
Jessica is a cat.
Gertrude is a sheep.
Question: What is winona afraid of?
Answer:"," sheep","eea :f ae asg veefraoSoee i ehdasf wllMeh vpaWasrpiParrsi.s aefdce.o  aor"
"Passage: Cats are afraid of wolves.
Mice are afraid of cats.
Jessica is a cat.
Sheep are afraid of wolves.
Winona is a cat.
Wolves are afraid of sheep.
Emily is a mouse.
Gertrude is a mouse.
Question: What is gertrude afraid of?
Answer:"," cat",":iCa  tae aca efJav rasMs ags asaocsd  daPreo  rci.oalr.fitaiwefesssec fi"
"Passage: Cats are afraid of wolves.
Mice are afraid of cats.
Jessica is a cat.
Sheep are afraid of wolves.
Winona is a cat.
Wolves are afraid of sheep.
Emily is a mouse.
Gertrude is a mouse.
Question: What is gertrude afraid of?
Answer:"," cat","oJecdar M iPaerssarcl:a arsa sfawaoi i. fC df saise cas s vc.ttafeeeoi ag"
"Passage: Cats are afraid of wolves.
Mice are afraid of cats.
Jessica is a cat.
Sheep are afraid of wolves.
Winona is a cat.
Wolves are afraid of sheep.
Emily is a mouse.
Gertrude is a mouse.
Question: What is winona afraid of?
Answer:"," wolf","if:afroJfsMitr t oaacaca sfalCsreecoarseaPii w.ia a  ed sa  es gv a.sdces"
"Passage: Cats are afraid of wolves.
Mice are afraid of cats.
Jessica is a cat.
Sheep are afraid of wolves.
Winona is a cat.
Wolves are afraid of sheep.
Emily is a mouse.
Gertrude is a mouse.
Question: What is gertrude afraid of?
Answer:"," cat","f ia:  o .rir  ifasee oafaa wdedtalaPaCsetscgra . rossivefcMJisscae a acs"
"Passage: Sheep are afraid of cats.
Mice are afraid of cats.
Wolves are afraid of mice.
Cats are afraid of sheep.
Emily is a sheep.
Jessica is a cat.
Gertrude is a wolf.
Winona is a cat.
Question: What is jessica afraid of?
Answer:"," sheep","aearfcsf as:aWaa.ot.airf dM elr efaeps gheci ods  cvr eisafaaPtaoS erera "
"Passage: Sheep are afraid of cats.
Mice are afraid of cats.
Wolves are afraid of mice.
Cats are afraid of sheep.
Emily is a sheep.
Jessica is a cat.
Gertrude is a wolf.
Winona is a cat.
Question: What is gertrude afraid of?
Answer:"," mouse","artaevoc lfeahfs fss: ai.  dcrrdgsS a.af  r tieaeaaPMaeoaipr  Wcaaoreeesf"
"Passage: Sheep are afraid of cats.
Mice are afraid of cats.
Wolves are afraid of mice.
Cats are afraid of sheep.
Emily is a sheep.
Jessica is a cat.
Gertrude is a wolf.
Winona is a cat.
Question: What is gertrude afraid of?
Answer:"," mouse"," sesafptreaaae.r  a scvaeSsic:eila fPge odM.W  rr a rooa fcheaaifsraedfta"
"Passage: Sheep are afraid of cats.
Mice are afraid of cats.
Wolves are afraid of mice.
Cats are afraid of sheep.
Emily is a sheep.
Jessica is a cat.
Gertrude is a wolf.
Winona is a cat.
Question: What is gertrude afraid of?
Answer:"," mouse","a e.rWfSda aaoadracfaas PseeaM f  e ata  rrpserlheeicis:eoraiaotc sff .gv"
"Passage: Cats are afraid of sheep.
Sheep are afraid of cats.
Gertrude is a sheep.
Mice are afraid of cats.
Jessica is a mouse.
Emily is a sheep.
Wolves are afraid of mice.
Winona is a wolf.
Question: What is jessica afraid of?
Answer:"," cat"," eeataG f aesptee e asgadfoSsfrsf.daasaCr  e:Pd.eii r i aerphusaro rah tc"
"Passage: Cats are afraid of sheep.
Sheep are afraid of cats.
Gertrude is a sheep.
Mice are afraid of cats.
Jessica is a mouse.
Emily is a sheep.
Wolves are afraid of mice.
Winona is a wolf.
Question: What is winona afraid of?
Answer:"," mouse","Cer    rsageeaPaGard  sd eeaaieardsiffe :pa tf pethso.sSfso.rah rc uataei"
"Passage: Cats are afraid of sheep.
Sheep are afraid of cats.
Gertrude is a sheep.
Mice are afraid of cats.
Jessica is a mouse.
Emily is a sheep.
Wolves are afraid of mice.
Winona is a wolf.
Question: What is winona afraid of?
Answer:"," mouse","srsr ai fiaat  euose.:r pdaa hfaaas aedfe.hcCeeiets  r Gtrsad Sage Perfop"
"Passage: Cats are afraid of sheep.
Sheep are afraid of cats.
Gertrude is a sheep.
Mice are afraid of cats.
Jessica is a mouse.
Emily is a sheep.
Wolves are afraid of mice.
Winona is a wolf.
Question: What is jessica afraid of?
Answer:"," cat","shoa gdfaha sea.Csp aafsarisdp eourft P tar:recri ee eGrSaaif ad e.ts  ee"
"Passage: Wolves are afraid of cats.
Sheep are afraid of cats.
Emily is a sheep.
Cats are afraid of sheep.
Jessica is a cat.
Mice are afraid of wolves.
Gertrude is a wolf.
Winona is a mouse.
Question: What is gertrude afraid of?
Answer:"," cat","e ascig. frse h moa is pheerfasdfaa yo aoa ir cPs:Ees a efdaS.tallvratsWi"
"Passage: Wolves are afraid of cats.
Sheep are afraid of cats.
Emily is a sheep.
Cats are afraid of sheep.
Jessica is a cat.
Mice are afraid of wolves.
Gertrude is a wolf.
Winona is a mouse.
Question: What is jessica afraid of?
Answer:"," sheep","feria saa oiaWvs sfPhhay rare diia oa Scafs g lamdea cfpees.t lt r:soeE.s"
"Passage: Wolves are afraid of cats.
Sheep are afraid of cats.
Emily is a sheep.
Cats are afraid of sheep.
Jessica is a cat.
Mice are afraid of wolves.
Gertrude is a wolf.
Winona is a mouse.
Question: What is emily afraid of?
Answer:"," cat","f a: rarehsr. h asfa eyaid oWstsfviaaEmfsa edlsp S c.  aglaoic Peieeotars"
"Passage: Wolves are afraid of cats.
Sheep are afraid of cats.
Emily is a sheep.
Cats are afraid of sheep.
Jessica is a cat.
Mice are afraid of wolves.
Gertrude is a wolf.
Winona is a mouse.
Question: What is winona afraid of?
Answer:"," wolf"," eceh am Paa s.a  .a ao shessserea:rarslftadftl offiapWg iEdarevSyoii cs "
"Passage: Cats are afraid of sheep.
Jessica is a cat.
Sheep are afraid of mice.
Wolves are afraid of mice.
Mice are afraid of wolves.
Winona is a mouse.
Emily is a wolf.
Gertrude is a mouse.
Question: What is jessica afraid of?
Answer:"," sheep","s eiie.fta:sar fda g ase ceS s as adraiiaCa.eshrrh o peP faJpfsao ecietma"
"Passage: Cats are afraid of sheep.
Jessica is a cat.
Sheep are afraid of mice.
Wolves are afraid of mice.
Mice are afraid of wolves.
Winona is a mouse.
Emily is a wolf.
Gertrude is a mouse.
Question: What is emily afraid of?
Answer:"," mouse","r.oat e .Ca  shac fraemiafJcsaaaeehsi  iae se aePdsta ia  ipsdg:osrrpffSe"
"Passage: Cats are afraid of sheep.
Jessica is a cat.
Sheep are afraid of mice.
Wolves are afraid of mice.
Mice are afraid of wolves.
Winona is a mouse.
Emily is a wolf.
Gertrude is a mouse.
Question: What is gertrude afraid of?
Answer:"," wolf","J ie Srf .eismrshag raraitdeoe etcaP:h aefi aifeop ass C sse apsaafdaac. "
"Passage: Cats are afraid of sheep.
Jessica is a cat.
Sheep are afraid of mice.
Wolves are afraid of mice.
Mice are afraid of wolves.
Winona is a mouse.
Emily is a wolf.
Gertrude is a mouse.
Question: What is gertrude afraid of?
Answer:"," wolf","sreapaapie tc fshaJmedafsochis s:aft a srrSoiP eseCaf ea..   aidiega a re"
"Passage: Cats are afraid of mice.
Wolves are afraid of mice.
Gertrude is a wolf.
Sheep are afraid of cats.
Winona is a sheep.
Mice are afraid of wolves.
Emily is a wolf.
Jessica is a cat.
Question: What is gertrude afraid of?
Answer:"," mouse","vadgmeaaC tfrf rcs sised mereerioef:r a iuala tasaieofPor.  c sG  W.eaadi"
"Passage: Cats are afraid of mice.
Wolves are afraid of mice.
Gertrude is a wolf.
Sheep are afraid of cats.
Winona is a sheep.
Mice are afraid of wolves.
Emily is a wolf.
Jessica is a cat.
Question: What is gertrude afraid of?
Answer:"," mouse","PrdG iar   aeseeae.rfe  iiWacvfuaeo f Casaoremarof.aa dse liticsm gt r:ds"
"Passage: Cats are afraid of mice.
Wolves are afraid of mice.
Gertrude is a wolf.
Sheep are afraid of cats.
Winona is a sheep.
Mice are afraid of wolves.
Emily is a wolf.
Jessica is a cat.
Question: What is jessica afraid of?
Answer:"," mouse","  :odfa G t raaasamarrfaesiisslve osgi iaf.erWrePt ufoCa ed. e cicdma ere"
"Passage: Cats are afraid of mice.
Wolves are afraid of mice.
Gertrude is a wolf.
Sheep are afraid of cats.
Winona is a sheep.
Mice are afraid of wolves.
Emily is a wolf.
Jessica is a cat.
Question: What is emily afraid of?
Answer:"," mouse","elaaC  ciar f sdiG.at:rov  .a  e doama esfeeuoicsafrersistifmPreare dagW "
"Passage: Mice are afraid of wolves.
Sheep are afraid of cats.
Cats are afraid of wolves.
Wolves are afraid of cats.
Jessica is a sheep.
Winona is a sheep.
Gertrude is a wolf.
Emily is a cat.
Question: What is winona afraid of?
Answer:"," cat","aas esf.fa a sMahCaap rsecf vPr w dliare.:aoes eadetfaecfaieiatrr   ooSgr"
"Passage: Mice are afraid of wolves.
Sheep are afraid of cats.
Cats are afraid of wolves.
Wolves are afraid of cats.
Jessica is a sheep.
Winona is a sheep.
Gertrude is a wolf.
Emily is a cat.
Question: What is emily afraid of?
Answer:"," wolf","See  r:cflaa atafsP  aehieCdeci eagasaMasi oarr oafsdarofrfaep .et rws. v"
"Passage: Mice are afraid of wolves.
Sheep are afraid of cats.
Cats are afraid of wolves.
Wolves are afraid of cats.
Jessica is a sheep.
Winona is a sheep.
Gertrude is a wolf.
Emily is a cat.
Question: What is jessica afraid of?
Answer:"," cat",".stCs. fr asPa aeeeaverrawa cMcf fSh soefde arai:asdpa oe a oaieiargrl tf"
"Passage: Mice are afraid of wolves.
Sheep are afraid of cats.
Cats are afraid of wolves.
Wolves are afraid of cats.
Jessica is a sheep.
Winona is a sheep.
Gertrude is a wolf.
Emily is a cat.
Question: What is emily afraid of?
Answer:"," wolf","sao idrh  sda tSveePapeacrerf  iasfafeawetarCi:ooa  .rcsf slgeaM  aeaf.ra"
"Passage: Wolves are afraid of sheep.
Cats are afraid of sheep.
Emily is a wolf.
Sheep are afraid of cats.
Mice are afraid of wolves.
Gertrude is a sheep.
Winona is a sheep.
Jessica is a cat.
Question: What is emily afraid of?
Answer:"," sheep"," fsr  esd.sPeyfgv eCsfeaa . e selrW ia iaE a ipodraaosep :ahftiswaremhloa"
"Passage: Wolves are afraid of sheep.
Cats are afraid of sheep.
Emily is a wolf.
Sheep are afraid of cats.
Mice are afraid of wolves.
Gertrude is a sheep.
Winona is a sheep.
Jessica is a cat.
Question: What is emily afraid of?
Answer:"," sheep","aaslss  rw Ehasari dCeoiaa :o apWirtiefafasheasg ee..fvelr fp dy oeeP s m"
"Passage: Wolves are afraid of sheep.
Cats are afraid of sheep.
Emily is a wolf.
Sheep are afraid of cats.
Mice are afraid of wolves.
Gertrude is a sheep.
Winona is a sheep.
Jessica is a cat.
Question: What is winona afraid of?
Answer:"," cat","aWfalirleia iswe femtf s pehCoeePaess.Eri oy:fra gohe dvspa a s .ara ads "
"Passage: Wolves are afraid of sheep.
Cats are afraid of sheep.
Emily is a wolf.
Sheep are afraid of cats.
Mice are afraid of wolves.
Gertrude is a sheep.
Winona is a sheep.
Jessica is a cat.
Question: What is gertrude afraid of?
Answer:"," cat","sdaasstaCvo fgrslEaey  i:amelrPra.awh h s  fdfra ee ofeiW .eos  iaeppsaie"
"Passage: Mice are afraid of cats.
Jessica is a mouse.
Cats are afraid of mice.
Emily is a mouse.
Winona is a cat.
Gertrude is a mouse.
Sheep are afraid of cats.
Wolves are afraid of mice.
Question: What is gertrude afraid of?
Answer:"," cat","ei  rJraaaedPasCmei ass o tfaa  iocgc as: . osisafasi ifef.eameutar csrdM"
"Passage: Mice are afraid of cats.
Jessica is a mouse.
Cats are afraid of mice.
Emily is a mouse.
Winona is a cat.
Gertrude is a mouse.
Sheep are afraid of cats.
Wolves are afraid of mice.
Question: What is emily afraid of?
Answer:"," cat","rda a.ate fsJamtMcesaigssmirisrCcfaiec f  s .aea  foord e:asaauPa oi  sei"
"Passage: Mice are afraid of cats.
Jessica is a mouse.
Cats are afraid of mice.
Emily is a mouse.
Winona is a cat.
Gertrude is a mouse.
Sheep are afraid of cats.
Wolves are afraid of mice.
Question: What is gertrude afraid of?
Answer:"," cat","oPrsaieed m Crca Jra affe acr as at ai se .afuM ieacisim.etsoai:d sgsfsoa"
"Passage: Mice are afraid of cats.
Jessica is a mouse.
Cats are afraid of mice.
Emily is a mouse.
Winona is a cat.
Gertrude is a mouse.
Sheep are afraid of cats.
Wolves are afraid of mice.
Question: What is emily afraid of?
Answer:"," cat","iir fmsme  odrrtfesMc.sfsi aarceoae eCsoP a aftiaagss. iucs:eiaaa  aa  Jd"
"Passage: Sheep are afraid of wolves.
Cats are afraid of mice.
Wolves are afraid of sheep.
Jessica is a sheep.
Gertrude is a sheep.
Mice are afraid of cats.
Emily is a mouse.
Winona is a cat.
Question: What is emily afraid of?
Answer:"," cat","ofsW C.r hof  s Paeasvsv rpee ea ltee reaoSaiiaioalcemfs ffddear :ag.rwaa"
"Passage: Sheep are afraid of wolves.
Cats are afraid of mice.
Wolves are afraid of sheep.
Jessica is a sheep.
Gertrude is a sheep.
Mice are afraid of cats.
Emily is a mouse.
Winona is a cat.
Question: What is jessica afraid of?
Answer:"," wolf","va aaff ee. acevetirap  faCaSlParrsh fa:eomsd daeeeoarsrwfooW sel  si.gi "
"Passage: Sheep are afraid of wolves.
Cats are afraid of mice.
Wolves are afraid of sheep.
Jessica is a sheep.
Gertrude is a sheep.
Mice are afraid of cats.
Emily is a mouse.
Winona is a cat.
Question: What is gertrude afraid of?
Answer:"," wolf"," ea opee :ssdi eafhfrlaeodmaeavlai.aWofa csf rr  o iCa. eesfgrrvwa tPSsae"
"Passage: Sheep are afraid of wolves.
Cats are afraid of mice.
Wolves are afraid of sheep.
Jessica is a sheep.
Gertrude is a sheep.
Mice are afraid of cats.
Emily is a mouse.
Winona is a cat.
Question: What is jessica afraid of?
Answer:"," wolf","o  smrpoera:wir.s PeaaeevcheflsraiassC.ee  iWaSfo arfeadf d v tfaeoga la "
"Passage: Mice are afraid of sheep.
Cats are afraid of mice.
Jessica is a cat.
Wolves are afraid of mice.
Winona is a cat.
Emily is a cat.
Sheep are afraid of cats.
Gertrude is a cat.
Question: What is emily afraid of?
Answer:"," mouse","i Jaaiiafeas rc.eisareaiae p. efc  efdoPe cearsasrMacts f h:Ca ismadgo s "
"Passage: Mice are afraid of sheep.
Cats are afraid of mice.
Jessica is a cat.
Wolves are afraid of mice.
Winona is a cat.
Emily is a cat.
Sheep are afraid of cats.
Gertrude is a cat.
Question: What is gertrude afraid of?
Answer:"," mouse","Cdaiass aihfss seo .g:  tc i dc oafaefaraa ra. remasaa ifiPprMeceJ sceeei"
"Passage: Mice are afraid of sheep.
Cats are afraid of mice.
Jessica is a cat.
Wolves are afraid of mice.
Winona is a cat.
Emily is a cat.
Sheep are afraid of cats.
Gertrude is a cat.
Question: What is winona afraid of?
Answer:"," mouse","ePmrsc efsaaseai afJp.rdsCd cicai sih r os af .  rato aeieia:Megcae eaafs"
"Passage: Mice are afraid of sheep.
Cats are afraid of mice.
Jessica is a cat.
Wolves are afraid of mice.
Winona is a cat.
Emily is a cat.
Sheep are afraid of cats.
Gertrude is a cat.
Question: What is gertrude afraid of?
Answer:"," mouse","gaesmifaioeoeca  r:a  es. rChfi McditJ aapsf acPceds rae.rseiaasia  s afe"
"Passage: Wolves are afraid of cats.
Cats are afraid of mice.
Mice are afraid of cats.
Gertrude is a wolf.
Emily is a cat.
Sheep are afraid of mice.
Jessica is a mouse.
Winona is a mouse.
Question: What is gertrude afraid of?
Answer:"," cat","lc  cva iPtafgeraaaaaa s.rifaeeWMiC froa se f :srer.ods ri aametdcoais fe"
"Passage: Wolves are afraid of cats.
Cats are afraid of mice.
Mice are afraid of cats.
Gertrude is a wolf.
Emily is a cat.
Sheep are afraid of mice.
Jessica is a mouse.
Winona is a mouse.
Question: What is gertrude afraid of?
Answer:"," cat","C  readorl vsrs.ifmircaaa teiaaosfMasefWe fre feaicga : atcsaeP ra d.ao i"
"Passage: Wolves are afraid of cats.
Cats are afraid of mice.
Mice are afraid of cats.
Gertrude is a wolf.
Emily is a cat.
Sheep are afraid of mice.
Jessica is a mouse.
Winona is a mouse.
Question: What is emily afraid of?
Answer:"," mouse","c:ea  cisr aamraifr PWa iaasgadvC.sa  oerar c sfffdtteraee. silee aooMfai"
"Passage: Wolves are afraid of cats.
Cats are afraid of mice.
Mice are afraid of cats.
Gertrude is a wolf.
Emily is a cat.
Sheep are afraid of mice.
Jessica is a mouse.
Winona is a mouse.
Question: What is gertrude afraid of?
Answer:"," cat","cise sa ae fr MviCf edccsfrl ita.:afaes ooeaW otagrPdaarriiaf  raama. ees"
"Passage: Wolves are afraid of sheep.
Sheep are afraid of mice.
Cats are afraid of mice.
Gertrude is a wolf.
Mice are afraid of wolves.
Winona is a mouse.
Jessica is a mouse.
Emily is a mouse.
Question: What is winona afraid of?
Answer:"," wolf","rra oPhd ephsWsficrrfrC reefasilamaie ptse a.aas ea daSfag oeofa: ee e .v"
"Passage: Wolves are afraid of sheep.
Sheep are afraid of mice.
Cats are afraid of mice.
Gertrude is a wolf.
Mice are afraid of wolves.
Winona is a mouse.
Jessica is a mouse.
Emily is a mouse.
Question: What is jessica afraid of?
Answer:"," wolf","aa.eaCsPah eaS orgshace avrfaei.idmef feWi s taforespoa  l:epe rr drfe as"
"Passage: Wolves are afraid of sheep.
Sheep are afraid of mice.
Cats are afraid of mice.
Gertrude is a wolf.
Mice are afraid of wolves.
Winona is a mouse.
Jessica is a mouse.
Emily is a mouse.
Question: What is emily afraid of?
Answer:"," wolf","fmdge.hecaafPf etoe elrp  asa Chs p as rseie : o faasavWerrroefaSiida.aer"
"Passage: Wolves are afraid of sheep.
Sheep are afraid of mice.
Cats are afraid of mice.
Gertrude is a wolf.
Mice are afraid of wolves.
Winona is a mouse.
Jessica is a mouse.
Emily is a mouse.
Question: What is jessica afraid of?
Answer:"," wolf","aem  frav Whhp  Paeff oat.: Sga.ie soarsiraeas rsCfreeaerc eepaadlsdeofi "
"Passage: Cats are afraid of sheep.
Mice are afraid of sheep.
Emily is a mouse.
Gertrude is a cat.
Wolves are afraid of mice.
Winona is a mouse.
Sheep are afraid of mice.
Jessica is a cat.
Question: What is gertrude afraid of?
Answer:"," sheep","arsEiefyia: imh r f.saea oatgspefraCe aae.oidma ec ir usM l sdpPhs  eoaef"
"Passage: Cats are afraid of sheep.
Mice are afraid of sheep.
Emily is a mouse.
Gertrude is a cat.
Wolves are afraid of mice.
Winona is a mouse.
Sheep are afraid of mice.
Jessica is a cat.
Question: What is winona afraid of?
Answer:"," sheep","tiisfef e a.io Paamr yuip c M mClsdas drf.saeaasifae:oaehgeErr  eep aohs "
"Passage: Cats are afraid of sheep.
Mice are afraid of sheep.
Emily is a mouse.
Gertrude is a cat.
Wolves are afraid of mice.
Winona is a mouse.
Sheep are afraid of mice.
Jessica is a cat.
Question: What is emily afraid of?
Answer:"," sheep","e.a  af mem fdpesEraf eoag ariosasetiaiilre:MPfsaaep rohcei    sC hu.sday"
"Passage: Cats are afraid of sheep.
Mice are afraid of sheep.
Emily is a mouse.
Gertrude is a cat.
Wolves are afraid of mice.
Winona is a mouse.
Sheep are afraid of mice.
Jessica is a cat.
Question: What is gertrude afraid of?
Answer:"," sheep","iaiP sg.efary: o s  fmatCadefpaepumoriale rs.ifsa oea cdshaM ee  earEh si"
"Passage: Cats are afraid of mice.
Emily is a cat.
Winona is a cat.
Mice are afraid of cats.
Sheep are afraid of wolves.
Jessica is a cat.
Wolves are afraid of mice.
Gertrude is a mouse.
Question: What is emily afraid of?
Answer:"," mouse","r.aimacil ocm g  fsEy:naaaaistacea.r cf Wn oeCrd.aieaa sie  aMit tis sPe"
"Passage: Cats are afraid of mice.
Emily is a cat.
Winona is a cat.
Mice are afraid of cats.
Sheep are afraid of wolves.
Jessica is a cat.
Wolves are afraid of mice.
Gertrude is a mouse.
Question: What is gertrude afraid of?
Answer:"," cat",".as gtef sidreai.tnemmaiPfaaocs iy nil.M aC:Wec aic aa rrs staaiE caeo  "
"Passage: Cats are afraid of mice.
Emily is a cat.
Winona is a cat.
Mice are afraid of cats.
Sheep are afraid of wolves.
Jessica is a cat.
Wolves are afraid of mice.
Gertrude is a mouse.
Question: What is jessica afraid of?
Answer:"," mouse",".rirgdeota ia:iai   c csfnimar.Coa  i efEet.smaeynts cac iM Waalasaa Pes"
"Passage: Cats are afraid of mice.
Emily is a cat.
Winona is a cat.
Mice are afraid of cats.
Sheep are afraid of wolves.
Jessica is a cat.
Wolves are afraid of mice.
Gertrude is a mouse.
Question: What is emily afraid of?
Answer:"," mouse","aiffaisaaE cseiarastWecnt i m   cPr.eem ia aoyi tr.esg:oaMi. aCdals nca "
"Passage: Mice are afraid of sheep.
Sheep are afraid of wolves.
Cats are afraid of sheep.
Wolves are afraid of sheep.
Jessica is a mouse.
Emily is a cat.
Gertrude is a mouse.
Winona is a sheep.
Question: What is gertrude afraid of?
Answer:"," sheep","o iaeeosaae ftaafCsfaerf p esPeo vraapi ehfr.ir ac :.lsgee rS dadrahMws e"
"Passage: Mice are afraid of sheep.
Sheep are afraid of wolves.
Cats are afraid of sheep.
Wolves are afraid of sheep.
Jessica is a mouse.
Emily is a cat.
Gertrude is a mouse.
Winona is a sheep.
Question: What is gertrude afraid of?
Answer:"," sheep","h frlipesr d erde eePesa. vfrg .Sacowa asisafareoaioCff :eaat e eMpsa har"
"Passage: Mice are afraid of sheep.
Sheep are afraid of wolves.
Cats are afraid of sheep.
Wolves are afraid of sheep.
Jessica is a mouse.
Emily is a cat.
Gertrude is a mouse.
Winona is a sheep.
Question: What is emily afraid of?
Answer:"," sheep","v.f wi:e esc tMPdrh ae.as gaesffeiais opeaooeaf aledrrCrShrfaa p   raeeas"
"Passage: Mice are afraid of sheep.
Sheep are afraid of wolves.
Cats are afraid of sheep.
Wolves are afraid of sheep.
Jessica is a mouse.
Emily is a cat.
Gertrude is a mouse.
Winona is a sheep.
Question: What is winona afraid of?
Answer:"," wolf","edeew  iP: odrfvcafaeaaMraefrspp   aeissaore hfa rsatshie r.oSCleg efa. a"
"Passage: Wolves are afraid of mice.
Sheep are afraid of cats.
Emily is a sheep.
Winona is a sheep.
Cats are afraid of wolves.
Jessica is a cat.
Mice are afraid of cats.
Gertrude is a wolf.
Question: What is winona afraid of?
Answer:"," cat","il :ef or eara rhaPita pogc   d.ermsS aedihfsassE aevyaoma. W ssifefielca"
"Passage: Wolves are afraid of mice.
Sheep are afraid of cats.
Emily is a sheep.
Winona is a sheep.
Cats are afraid of wolves.
Jessica is a cat.
Mice are afraid of cats.
Gertrude is a wolf.
Question: What is gertrude afraid of?
Answer:"," mouse","arm e.ilrsgh aafsacaesiofcfP t Eidasieepavooeadmhi  :e f lasS ry.rea Ws  "
"Passage: Wolves are afraid of mice.
Sheep are afraid of cats.
Emily is a sheep.
Winona is a sheep.
Cats are afraid of wolves.
Jessica is a cat.
Mice are afraid of cats.
Gertrude is a wolf.
Question: What is jessica afraid of?
Answer:"," wolf","Sp Pei otdms.sc e afal.a asogf r y fleE   eeiarsaachhi erdamsWsv:eiiraoaf"
"Passage: Wolves are afraid of mice.
Sheep are afraid of cats.
Emily is a sheep.
Winona is a sheep.
Cats are afraid of wolves.
Jessica is a cat.
Mice are afraid of cats.
Gertrude is a wolf.
Question: What is winona afraid of?
Answer:"," cat","emlcfhWSl ag oscs s drsvi i aar   edfaprEaaeeefe o atim a.:ryfeasihaP.sio"
"Passage: Mice are afraid of wolves.
Sheep are afraid of cats.
Wolves are afraid of cats.
Emily is a mouse.
Jessica is a mouse.
Winona is a wolf.
Cats are afraid of wolves.
Gertrude is a sheep.
Question: What is jessica afraid of?
Answer:"," wolf","cf wprsao fisaoea.evdaeMeel  re.a if   or :afal saaaeWrcefveh iSsaPrgstdo"
"Passage: Mice are afraid of wolves.
Sheep are afraid of cats.
Wolves are afraid of cats.
Emily is a mouse.
Jessica is a mouse.
Winona is a wolf.
Cats are afraid of wolves.
Gertrude is a sheep.
Question: What is gertrude afraid of?
Answer:"," cat"," ido  roMfec.l sosaea:pf.tes  waasaacSeavfW e   shaaioefgPeeraf valirerdr"
"Passage: Mice are afraid of wolves.
Sheep are afraid of cats.
Wolves are afraid of cats.
Emily is a mouse.
Jessica is a mouse.
Winona is a wolf.
Cats are afraid of wolves.
Gertrude is a sheep.
Question: What is gertrude afraid of?
Answer:"," cat","fiaoe:id  sfafaoaspWtfowar   leee. eraaflei a re dasacvsPogv .Shrer csMae"
"Passage: Mice are afraid of wolves.
Sheep are afraid of cats.
Wolves are afraid of cats.
Emily is a mouse.
Jessica is a mouse.
Winona is a wolf.
Cats are afraid of wolves.
Gertrude is a sheep.
Question: What is gertrude afraid of?
Answer:"," cat","ifreei:apo vdw si lSeaffava.oW .faoPaaactearfee cso s eeeh  gard Mslrars "
"Passage: Mice are afraid of cats.
Wolves are afraid of mice.
Sheep are afraid of cats.
Gertrude is a mouse.
Emily is a wolf.
Jessica is a sheep.
Cats are afraid of wolves.
Winona is a wolf.
Question: What is emily afraid of?
Answer:"," mouse","crihdPev:i sg lr osiaafa.emero piaraeaestes rf ae faraW.fMceoaa  S e adfc"
"Passage: Mice are afraid of cats.
Wolves are afraid of mice.
Sheep are afraid of cats.
Gertrude is a mouse.
Emily is a wolf.
Jessica is a sheep.
Cats are afraid of wolves.
Winona is a wolf.
Question: What is jessica afraid of?
Answer:"," cat","ePapre f.vd .W ceMeheodiaer:iaoar c s  gfaaffs fecilm  araeSrtoraaai essa"
"Passage: Mice are afraid of cats.
Wolves are afraid of mice.
Sheep are afraid of cats.
Gertrude is a mouse.
Emily is a wolf.
Jessica is a sheep.
Cats are afraid of wolves.
Winona is a wolf.
Question: What is winona afraid of?
Answer:"," mouse","ilidrashea e.csSspffWa  fa adr iras:e err.eevec aaacooimo aPte gf eaM fra"
"Passage: Mice are afraid of cats.
Wolves are afraid of mice.
Sheep are afraid of cats.
Gertrude is a mouse.
Emily is a wolf.
Jessica is a sheep.
Cats are afraid of wolves.
Winona is a wolf.
Question: What is jessica afraid of?
Answer:"," cat"," err  fraeacflmreersaor ies.fga PesaaWeofsvtehfc:.   dM aaa ipaiaicdoeaS "
"Passage: Mice are afraid of cats.
Sheep are afraid of mice.
Winona is a sheep.
Gertrude is a sheep.
Jessica is a mouse.
Cats are afraid of sheep.
Emily is a cat.
Wolves are afraid of mice.
Question: What is gertrude afraid of?
Answer:"," mouse"," e.o:arPrshoafMacfpaead i We  sc. fS hac insraeieaemti ea oifeaidg ra sns"
"Passage: Mice are afraid of cats.
Sheep are afraid of mice.
Winona is a sheep.
Gertrude is a sheep.
Jessica is a mouse.
Cats are afraid of sheep.
Emily is a cat.
Wolves are afraid of mice.
Question: What is gertrude afraid of?
Answer:"," mouse","rnr s:iaah  ier e f dcfa eaass ercoM.Pihtaaf eie.i  adgicosnmoaafWeespS a"
"Passage: Mice are afraid of cats.
Sheep are afraid of mice.
Winona is a sheep.
Gertrude is a sheep.
Jessica is a mouse.
Cats are afraid of sheep.
Emily is a cat.
Wolves are afraid of mice.
Question: What is gertrude afraid of?
Answer:"," mouse","haciPasi eeadasioep r asWf sictrarS arn i. aMamf fe:a aishoe d ece f.ngoe"
"Passage: Mice are afraid of cats.
Sheep are afraid of mice.
Winona is a sheep.
Gertrude is a sheep.
Jessica is a mouse.
Cats are afraid of sheep.
Emily is a cat.
Wolves are afraid of mice.
Question: What is emily afraid of?
Answer:"," sheep","rMnfhecS eir:shdt aiii gsaeeae oceaeefo  PanW.cad misfraia. a rofsaaps   "
"Passage: Wolves are afraid of cats.
Cats are afraid of mice.
Sheep are afraid of cats.
Jessica is a cat.
Emily is a cat.
Gertrude is a wolf.
Winona is a cat.
Mice are afraid of wolves.
Question: What is emily afraid of?
Answer:"," mouse",".fho C eia vaeaWt e aafa earsso ais rSPadatsg dcemrpfeace arrsif. :foaler"
"Passage: Wolves are afraid of cats.
Cats are afraid of mice.
Sheep are afraid of cats.
Jessica is a cat.
Emily is a cat.
Gertrude is a wolf.
Winona is a cat.
Mice are afraid of wolves.
Question: What is winona afraid of?
Answer:"," mouse","ratsf.o Sl   areei s eeieeartsfa  vgc.arscdaafaph :a Wo oasaifeearrdmPfaC"
"Passage: Wolves are afraid of cats.
Cats are afraid of mice.
Sheep are afraid of cats.
Jessica is a cat.
Emily is a cat.
Gertrude is a wolf.
Winona is a cat.
Mice are afraid of wolves.
Question: What is winona afraid of?
Answer:"," mouse","dfWcaae Sg sf.  mehfao i  efdCiaae  veesrfsrart.rseraaPliaaaoop es:aatcr "
"Passage: Wolves are afraid of cats.
Cats are afraid of mice.
Sheep are afraid of cats.
Jessica is a cat.
Emily is a cat.
Gertrude is a wolf.
Winona is a cat.
Mice are afraid of wolves.
Question: What is jessica afraid of?
Answer:"," mouse","soetradta caa m fsglore ie he aaSearapWaesPrs.oai :Cafrf  afdvsaiec ef. r"
"Passage: Mice are afraid of cats.
Winona is a mouse.
Cats are afraid of wolves.
Sheep are afraid of mice.
Wolves are afraid of sheep.
Emily is a sheep.
Gertrude is a cat.
Jessica is a cat.
Question: What is emily afraid of?
Answer:"," mouse",".M adilc ici onafurra oPafeoaf . eaaCasess tioaseaa oiw  garrsfstdWm ne :"
"Passage: Mice are afraid of cats.
Winona is a mouse.
Cats are afraid of wolves.
Sheep are afraid of mice.
Wolves are afraid of sheep.
Emily is a sheep.
Gertrude is a cat.
Jessica is a cat.
Question: What is winona afraid of?
Answer:"," cat","aof .sfoadseM sW argero.ds saar at   aelanifeaoca soni a mCuifcPir: watei"
"Passage: Mice are afraid of cats.
Winona is a mouse.
Cats are afraid of wolves.
Sheep are afraid of mice.
Wolves are afraid of sheep.
Emily is a sheep.
Gertrude is a cat.
Jessica is a cat.
Question: What is winona afraid of?
Answer:"," cat","fs a l aoce sdaMi grirPnfi. osdoesi ata:ot.aaaowsaCa re ruef sWcfna  iema"
"Passage: Mice are afraid of cats.
Winona is a mouse.
Cats are afraid of wolves.
Sheep are afraid of mice.
Wolves are afraid of sheep.
Emily is a sheep.
Gertrude is a cat.
Jessica is a cat.
Question: What is emily afraid of?
Answer:"," mouse","ogisufenr:ar aetMsa.s  s itCilrrPa ca.aaoidoe  cwodWnsfo  aeeam fiasafa  "
"Passage: Cats are afraid of sheep.
Emily is a cat.
Sheep are afraid of mice.
Wolves are afraid of sheep.
Jessica is a wolf.
Mice are afraid of sheep.
Winona is a mouse.
Gertrude is a cat.
Question: What is emily afraid of?
Answer:"," sheep","ah sgdiea  ips oias:f fmeedStaeao craiacf e     eyPfes.t.erahrprimCEsalaa"
"Passage: Cats are afraid of sheep.
Emily is a cat.
Sheep are afraid of mice.
Wolves are afraid of sheep.
Jessica is a wolf.
Mice are afraid of sheep.
Winona is a mouse.
Gertrude is a cat.
Question: What is jessica afraid of?
Answer:"," sheep"," ee esfdSChcP.iiaafeEatfscaiesepprtrodslors.aa aa   efama:gi a m  y h eir"
"Passage: Cats are afraid of sheep.
Emily is a cat.
Sheep are afraid of mice.
Wolves are afraid of sheep.
Jessica is a wolf.
Mice are afraid of sheep.
Winona is a mouse.
Gertrude is a cat.
Question: What is winona afraid of?
Answer:"," sheep","eepifati fisECeaa hSps aacfmedrca ao  aglayeo:h.tr  fiee ssd amPs era r.i"
"Passage: Cats are afraid of sheep.
Emily is a cat.
Sheep are afraid of mice.
Wolves are afraid of sheep.
Jessica is a wolf.
Mice are afraid of sheep.
Winona is a mouse.
Gertrude is a cat.
Question: What is gertrude afraid of?
Answer:"," sheep"," p Pcge.siisis: t oEraefmicaaC par stamaaeraSaefifad ee y o  shearhfl .de"
"Passage: Mice are afraid of cats.
Gertrude is a mouse.
Cats are afraid of mice.
Sheep are afraid of mice.
Wolves are afraid of mice.
Jessica is a sheep.
Emily is a mouse.
Winona is a mouse.
Question: What is jessica afraid of?
Answer:"," mouse","  rmretfidafCmuo ioGePdtr e.cordMieearesaas  asafta:a s sfaea  s urcg .ai"
"Passage: Mice are afraid of cats.
Gertrude is a mouse.
Cats are afraid of mice.
Sheep are afraid of mice.
Wolves are afraid of mice.
Jessica is a sheep.
Emily is a mouse.
Winona is a mouse.
Question: What is emily afraid of?
Answer:"," cat"," a  sdotmr  Cciaas atuse eMGasr.ed tcra: ef  eiasa fmgs.eodfaariorifPearu"
"Passage: Mice are afraid of cats.
Gertrude is a mouse.
Cats are afraid of mice.
Sheep are afraid of mice.
Wolves are afraid of mice.
Jessica is a sheep.
Emily is a mouse.
Winona is a mouse.
Question: What is jessica afraid of?
Answer:"," mouse","rao aar  eeoPM a dsd stffrigaacr:es t smafuesee edia.raut.iracmioCsf  G a"
"Passage: Mice are afraid of cats.
Gertrude is a mouse.
Cats are afraid of mice.
Sheep are afraid of mice.
Wolves are afraid of mice.
Jessica is a sheep.
Emily is a mouse.
Winona is a mouse.
Question: What is winona afraid of?
Answer:"," cat","  fMrCgdssremaafceasetifre  Gasa d Pioi.ro reae eiafcrmtatsua a   u:so.da"
"Passage: Mice are afraid of wolves.
Wolves are afraid of sheep.
Sheep are afraid of mice.
Cats are afraid of mice.
Emily is a cat.
Jessica is a sheep.
Winona is a sheep.
Gertrude is a wolf.
Question: What is emily afraid of?
Answer:"," mouse","adda: s sea.leesv ae hihio epsSMaooracela w eireefPrvra fea sreaf gpW.f o"
"Passage: Mice are afraid of wolves.
Wolves are afraid of sheep.
Sheep are afraid of mice.
Cats are afraid of mice.
Emily is a cat.
Jessica is a sheep.
Winona is a sheep.
Gertrude is a wolf.
Question: What is winona afraid of?
Answer:"," mouse","vw i. fehsoeliarPs Wae Mceadlogev drf .eper:aaroirpaso  feaae  efSesha sa"
"Passage: Mice are afraid of wolves.
Wolves are afraid of sheep.
Sheep are afraid of mice.
Cats are afraid of mice.
Emily is a cat.
Jessica is a sheep.
Winona is a sheep.
Gertrude is a wolf.
Question: What is gertrude afraid of?
Answer:"," sheep","PcW ias .gw aesaalaeri. fseapspei hMfe v:dveofraresaa h ee rdlroSeoae  of"
"Passage: Mice are afraid of wolves.
Wolves are afraid of sheep.
Sheep are afraid of mice.
Cats are afraid of mice.
Emily is a cat.
Jessica is a sheep.
Winona is a sheep.
Gertrude is a wolf.
Question: What is jessica afraid of?
Answer:"," mouse","aic  fdaiohaelvrraeefa Mp agrpee do esh:v  .feaafew roeesal .isserS oWsaP"
"Passage: Cats are afraid of wolves.
Mice are afraid of cats.
Sheep are afraid of mice.
Gertrude is a sheep.
Wolves are afraid of sheep.
Winona is a mouse.
Jessica is a sheep.
Emily is a wolf.
Question: What is winona afraid of?
Answer:"," cat","aae ra faSChftiea ssf laodt.  Ma e vr cPpraadreaf fissa:wceiogar.seeoea r"
"Passage: Cats are afraid of wolves.
Mice are afraid of cats.
Sheep are afraid of mice.
Gertrude is a sheep.
Wolves are afraid of sheep.
Winona is a mouse.
Jessica is a sheep.
Emily is a wolf.
Question: What is winona afraid of?
Answer:"," cat","l earadca .tde fwisMaoiesaasfah reraef pa voaaea  .stPrce r:afCsifo eSg r"
"Passage: Cats are afraid of wolves.
Mice are afraid of cats.
Sheep are afraid of mice.
Gertrude is a sheep.
Wolves are afraid of sheep.
Winona is a mouse.
Jessica is a sheep.
Emily is a wolf.
Question: What is jessica afraid of?
Answer:"," mouse","hiepCao al gser aa Ss:  faara.Pc  ffe.eaetidew  oeatsrrafvdeaMaof sicrars"
"Passage: Cats are afraid of wolves.
Mice are afraid of cats.
Sheep are afraid of mice.
Gertrude is a sheep.
Wolves are afraid of sheep.
Winona is a mouse.
Jessica is a sheep.
Emily is a wolf.
Question: What is emily afraid of?
Answer:"," sheep"," ssoaMa. lcs  fataoerapeegrwSeacaefCfi  rsha vearofa sdfPrdtr aei:.  aeia"
"Passage: Wolves are afraid of mice.
Mice are afraid of wolves.
Cats are afraid of sheep.
Gertrude is a wolf.
Sheep are afraid of wolves.
Emily is a wolf.
Winona is a cat.
Jessica is a mouse.
Question: What is winona afraid of?
Answer:"," sheep","eWseeeclPafM  aC o e eovadaolsfie raravffag .aiast drorf:mi  asw isera.rc"
"Passage: Wolves are afraid of mice.
Mice are afraid of wolves.
Cats are afraid of sheep.
Gertrude is a wolf.
Sheep are afraid of wolves.
Emily is a wolf.
Winona is a cat.
Jessica is a mouse.
Question: What is winona afraid of?
Answer:"," sheep","lofam:fei a waar dac rae od ealP orafr cs WfCaoeM.st sreevaisvsa. rieifge"
"Passage: Wolves are afraid of mice.
Mice are afraid of wolves.
Cats are afraid of sheep.
Gertrude is a wolf.
Sheep are afraid of wolves.
Emily is a wolf.
Winona is a cat.
Jessica is a mouse.
Question: What is emily afraid of?
Answer:"," mouse","ri.fa effceoWea   ovai Pliaema rd:srogra.re eC atfscsaai o warasle dMefsv"
"Passage: Wolves are afraid of mice.
Mice are afraid of wolves.
Cats are afraid of sheep.
Gertrude is a wolf.
Sheep are afraid of wolves.
Emily is a wolf.
Winona is a cat.
Jessica is a mouse.
Question: What is jessica afraid of?
Answer:"," wolf","gMWaaifido fwrr oflel  rasc r.fe. ieP  vieeea m avs aaresroost:scdaafCaae"
"Passage: Mice are afraid of wolves.
Wolves are afraid of cats.
Sheep are afraid of cats.
Emily is a sheep.
Winona is a sheep.
Cats are afraid of mice.
Gertrude is a cat.
Jessica is a cat.
Question: What is emily afraid of?
Answer:"," cat","gsaS peveaaoaortM:ef aerPofe srcla  rvd eef s whe c.eifWaafailasad .o rsi"
"Passage: Mice are afraid of wolves.
Wolves are afraid of cats.
Sheep are afraid of cats.
Emily is a sheep.
Winona is a sheep.
Cats are afraid of mice.
Gertrude is a cat.
Jessica is a cat.
Question: What is winona afraid of?
Answer:"," cat","se  feas l  a ocavpaee So:ioPg  dirarWahires fMeofaewrfacad.efa etl.vsasr"
"Passage: Mice are afraid of wolves.
Wolves are afraid of cats.
Sheep are afraid of cats.
Emily is a sheep.
Winona is a sheep.
Cats are afraid of mice.
Gertrude is a cat.
Jessica is a cat.
Question: What is jessica afraid of?
Answer:"," mouse","rsv:i Wari.ctfs eeMvoseP lflssrfwgi dofarfahaeoe pe aaoaa ee d reaS .aa c"
"Passage: Mice are afraid of wolves.
Wolves are afraid of cats.
Sheep are afraid of cats.
Emily is a sheep.
Winona is a sheep.
Cats are afraid of mice.
Gertrude is a cat.
Jessica is a cat.
Question: What is gertrude afraid of?
Answer:"," mouse","We ooghaa:ofMsse rpa wi ar aiiafdsdavefo.  aas. srSc alPe leevff eeetrrac"
"Passage: Wolves are afraid of cats.
Mice are afraid of cats.
Cats are afraid of wolves.
Jessica is a wolf.
Gertrude is a wolf.
Winona is a mouse.
Emily is a mouse.
Sheep are afraid of wolves.
Question: What is emily afraid of?
Answer:"," cat","cirf a afrtdaftr.aavaef aP:aliior.r rscsaCfea e eM oWcaeaa  o degts sassi"
"Passage: Wolves are afraid of cats.
Mice are afraid of cats.
Cats are afraid of wolves.
Jessica is a wolf.
Gertrude is a wolf.
Winona is a mouse.
Emily is a mouse.
Sheep are afraid of wolves.
Question: What is jessica afraid of?
Answer:"," cat"," .a svasM ooofrd ae cdf:ea a ttfaa Paaaaalre.iscrse rfrfgCisWiiceretas a "
"Passage: Wolves are afraid of cats.
Mice are afraid of cats.
Cats are afraid of wolves.
Jessica is a wolf.
Gertrude is a wolf.
Winona is a mouse.
Emily is a mouse.
Sheep are afraid of wolves.
Question: What is emily afraid of?
Answer:"," cat"," ercaP faevaaesrfrosicafao tsMa:aCa ac irffe.assg sre ei ia.dtlrWda ato  "
"Passage: Wolves are afraid of cats.
Mice are afraid of cats.
Cats are afraid of wolves.
Jessica is a wolf.
Gertrude is a wolf.
Winona is a mouse.
Emily is a mouse.
Sheep are afraid of wolves.
Question: What is jessica afraid of?
Answer:"," cat","a .  f Wg taeafro eaatedlasPar fsdiCMf safia:ar  sovsrerateesioaac.rac ci"
"Passage: Mice are afraid of wolves.
Jessica is a mouse.
Wolves are afraid of sheep.
Emily is a wolf.
Winona is a wolf.
Cats are afraid of mice.
Sheep are afraid of cats.
Gertrude is a sheep.
Question: What is gertrude afraid of?
Answer:"," cat","i Pceego aeaaois .oiaesJimis:c osel  Mle of w asrsa e.raafavdfs srdWevaru"
"Passage: Mice are afraid of wolves.
Jessica is a mouse.
Wolves are afraid of sheep.
Emily is a wolf.
Winona is a wolf.
Cats are afraid of mice.
Sheep are afraid of cats.
Gertrude is a sheep.
Question: What is emily afraid of?
Answer:"," sheep"," sei acgioadaoiomcsdalWi.or.r eeeweesf irMref v sfa sav:u aa es saaPlsJ o"
"Passage: Mice are afraid of wolves.
Jessica is a mouse.
Wolves are afraid of sheep.
Emily is a wolf.
Winona is a wolf.
Cats are afraid of mice.
Sheep are afraid of cats.
Gertrude is a sheep.
Question: What is emily afraid of?
Answer:"," sheep","s fows siW lsif emseMPaadaeosi.cvaraaegf.eeu c saaoa r dJrr:ieoils a  oev"
"Passage: Mice are afraid of wolves.
Jessica is a mouse.
Wolves are afraid of sheep.
Emily is a wolf.
Winona is a wolf.
Cats are afraid of mice.
Sheep are afraid of cats.
Gertrude is a sheep.
Question: What is emily afraid of?
Answer:"," sheep"," vsaer  ao oofr smiefi. edcr sWafseeal:cud a JePiveaaa ises aigssr.loMwoa"
"Passage: Mice are afraid of cats.
Wolves are afraid of mice.
Sheep are afraid of mice.
Emily is a sheep.
Winona is a mouse.
Cats are afraid of wolves.
Jessica is a sheep.
Gertrude is a cat.
Question: What is emily afraid of?
Answer:"," mouse","S t aad aha eiaep  s oaa MePso.emeadrf .ossar:fvrfalgfi erWaeacicef ricer"
"Passage: Mice are afraid of cats.
Wolves are afraid of mice.
Sheep are afraid of mice.
Emily is a sheep.
Winona is a mouse.
Cats are afraid of wolves.
Jessica is a sheep.
Gertrude is a cat.
Question: What is emily afraid of?
Answer:"," mouse","e . i:aframeriPh  aefsv adaSlieopr.cfa iWses  sMgtee aarc aeefafrdo aaorc"
"Passage: Mice are afraid of cats.
Wolves are afraid of mice.
Sheep are afraid of mice.
Emily is a sheep.
Winona is a mouse.
Cats are afraid of wolves.
Jessica is a sheep.
Gertrude is a cat.
Question: What is emily afraid of?
Answer:"," mouse","v    eoSefMPecsgasaorcafpes  le a afea o rWfcreisamrdrira.fe iaadaethia.:"
"Passage: Mice are afraid of cats.
Wolves are afraid of mice.
Sheep are afraid of mice.
Emily is a sheep.
Winona is a mouse.
Cats are afraid of wolves.
Jessica is a sheep.
Gertrude is a cat.
Question: What is emily afraid of?
Answer:"," mouse","vadPfefr iassca aaie e igeirlcao aMtrrorcWafeha a .aaffsp me.edos Se:e r "
"Passage: Cats are afraid of mice.
Sheep are afraid of cats.
Wolves are afraid of cats.
Mice are afraid of sheep.
Jessica is a wolf.
Gertrude is a cat.
Winona is a sheep.
Emily is a cat.
Question: What is emily afraid of?
Answer:"," mouse"," r.tide.eavs:e aePcedoa oWmrfaracaifflaga as e  spof eiefCS r rtrs aahsaa"
"Passage: Cats are afraid of mice.
Sheep are afraid of cats.
Wolves are afraid of cats.
Mice are afraid of sheep.
Jessica is a wolf.
Gertrude is a cat.
Winona is a sheep.
Emily is a cat.
Question: What is jessica afraid of?
Answer:"," cat","rarf:aevpPeeefsofh  ri..  eis foatae aarlWaerados  aiaefcaaasgtCr ms cS d"
"Passage: Cats are afraid of mice.
Sheep are afraid of cats.
Wolves are afraid of cats.
Mice are afraid of sheep.
Jessica is a wolf.
Gertrude is a cat.
Winona is a sheep.
Emily is a cat.
Question: What is gertrude afraid of?
Answer:"," mouse","amlos i ehaas  fisre ..iea aaoadWaarfa: rettsfre   apf rgeaefPscavrSdeCoc"
"Passage: Cats are afraid of mice.
Sheep are afraid of cats.
Wolves are afraid of cats.
Mice are afraid of sheep.
Jessica is a wolf.
Gertrude is a cat.
Winona is a sheep.
Emily is a cat.
Question: What is winona afraid of?
Answer:"," cat"," arapefae  a.fCerfmdigrdsa acWthssaea a eo:ro saePr efsr. ieiv oaaalfS ct"
"Passage: Mice are afraid of wolves.
Cats are afraid of mice.
Wolves are afraid of sheep.
Emily is a mouse.
Winona is a cat.
Jessica is a cat.
Sheep are afraid of cats.
Gertrude is a cat.
Question: What is gertrude afraid of?
Answer:"," mouse","eCPaefiefms.vtaloaoiw.dss roaer aaeeaWdrrieaa  cgfo f v a is:lea cr fs Mr"
"Passage: Mice are afraid of wolves.
Cats are afraid of mice.
Wolves are afraid of sheep.
Emily is a mouse.
Winona is a cat.
Jessica is a cat.
Sheep are afraid of cats.
Gertrude is a cat.
Question: What is jessica afraid of?
Answer:"," mouse","radsaairr. ecmofeasdigav wlasi eC rr PMrveelWsco of.: if taaafaae oesef  "
"Passage: Mice are afraid of wolves.
Cats are afraid of mice.
Wolves are afraid of sheep.
Emily is a mouse.
Winona is a cat.
Jessica is a cat.
Sheep are afraid of cats.
Gertrude is a cat.
Question: What is jessica afraid of?
Answer:"," mouse","arifdsrraos Wgdf earaeewe rea  a.aocles aoPfariC:f.t v asMo  laseiivm cef"
"Passage: Mice are afraid of wolves.
Cats are afraid of mice.
Wolves are afraid of sheep.
Emily is a mouse.
Winona is a cat.
Jessica is a cat.
Sheep are afraid of cats.
Gertrude is a cat.
Question: What is gertrude afraid of?
Answer:"," mouse","afsmsoadsieov  :faWel aeciPo cati  Mflrra.roCaasrg .aa  eesfa erivdrefe w"
"Passage: Mice are afraid of wolves.
Emily is a mouse.
Cats are afraid of sheep.
Gertrude is a mouse.
Winona is a cat.
Wolves are afraid of sheep.
Jessica is a cat.
Sheep are afraid of wolves.
Question: What is jessica afraid of?
Answer:"," sheep","mlod :o.saP.ms la gsieririca afaee aev ai CotriEa eohesrfyds usawMf as  f"
"Passage: Mice are afraid of wolves.
Emily is a mouse.
Cats are afraid of sheep.
Gertrude is a mouse.
Winona is a cat.
Wolves are afraid of sheep.
Jessica is a cat.
Sheep are afraid of wolves.
Question: What is winona afraid of?
Answer:"," sheep"," seeg fEcaiaP:r dsaCymf.aostaoiir aaasr  M fo  eeswmvsefloi r eudl iaa.hs"
"Passage: Mice are afraid of wolves.
Emily is a mouse.
Cats are afraid of sheep.
Gertrude is a mouse.
Winona is a cat.
Wolves are afraid of sheep.
Jessica is a cat.
Sheep are afraid of wolves.
Question: What is winona afraid of?
Answer:"," sheep","ssdsyaflaa f uer atrsmr evPlaai o  ose:s s .diowm re iafgMiia haoceEaCfe."
"Passage: Mice are afraid of wolves.
Emily is a mouse.
Cats are afraid of sheep.
Gertrude is a mouse.
Winona is a cat.
Wolves are afraid of sheep.
Jessica is a cat.
Sheep are afraid of wolves.
Question: What is emily afraid of?
Answer:"," wolf","faioe w csro.C t aff Piarrsoavaaauias rs  e fldaMa lhessiEee:omds imy.g e"
"Passage: Cats are afraid of mice.
Sheep are afraid of wolves.
Wolves are afraid of sheep.
Gertrude is a wolf.
Emily is a sheep.
Mice are afraid of cats.
Jessica is a wolf.
Winona is a mouse.
Question: What is gertrude afraid of?
Answer:"," sheep","ePilCserawalrf vefdptamaasraeoa eaee  cdffg s:rvsaaa  rs o.h o. iSifWeo e"
"Passage: Cats are afraid of mice.
Sheep are afraid of wolves.
Wolves are afraid of sheep.
Gertrude is a wolf.
Emily is a sheep.
Mice are afraid of cats.
Jessica is a wolf.
Winona is a mouse.
Question: What is winona afraid of?
Answer:"," cat","o.p Whoaasvgslfaf deae e a  ie:adsaaw.oirvSiPrasarf m tsCr e eecefaoerf l"
"Passage: Cats are afraid of mice.
Sheep are afraid of wolves.
Wolves are afraid of sheep.
Gertrude is a wolf.
Emily is a sheep.
Mice are afraid of cats.
Jessica is a wolf.
Winona is a mouse.
Question: What is gertrude afraid of?
Answer:"," sheep","r sS C .esfrva:g  ooWfelefi eaesepaefaseaaithl adad caw  mrs ofrav.Poerai"
"Passage: Cats are afraid of mice.
Sheep are afraid of wolves.
Wolves are afraid of sheep.
Gertrude is a wolf.
Emily is a sheep.
Mice are afraid of cats.
Jessica is a wolf.
Winona is a mouse.
Question: What is jessica afraid of?
Answer:"," sheep","iaewvel d .amer ef.grs hfSaedaeoafterf   Cifa  iavaacs:eeslPWrsasro  poao"
"Passage: Wolves are afraid of mice.
Cats are afraid of mice.
Sheep are afraid of cats.
Mice are afraid of wolves.
Winona is a cat.
Jessica is a cat.
Emily is a cat.
Gertrude is a sheep.
Question: What is winona afraid of?
Answer:"," mouse","Seras.aeiW re  :d feosPgrlemirceoC m trfpaahae rasf.id cfova aaeie asaa f"
"Passage: Wolves are afraid of mice.
Cats are afraid of mice.
Sheep are afraid of cats.
Mice are afraid of wolves.
Winona is a cat.
Jessica is a cat.
Emily is a cat.
Gertrude is a sheep.
Question: What is gertrude afraid of?
Answer:"," cat","grr rer ead  oeafrr de aeaS ff. ma:cfssciPho.Wfap aetvCsiiasiaeae ola ema"
"Passage: Wolves are afraid of mice.
Cats are afraid of mice.
Sheep are afraid of cats.
Mice are afraid of wolves.
Winona is a cat.
Jessica is a cat.
Emily is a cat.
Gertrude is a sheep.
Question: What is jessica afraid of?
Answer:"," mouse"," veaol  d icf.aa oerrhmsaeafPeaeWmdrerast  cofaai ipa rge.r:ef a CSiassfe"
"Passage: Wolves are afraid of mice.
Cats are afraid of mice.
Sheep are afraid of cats.
Mice are afraid of wolves.
Winona is a cat.
Jessica is a cat.
Emily is a cat.
Gertrude is a sheep.
Question: What is emily afraid of?
Answer:"," mouse","ds faer fai ceeCa raeae sPSfaaf:m ecahWisoepraa asrfo teor d vr.m ae.giil"
"Passage: Cats are afraid of sheep.
Wolves are afraid of cats.
Gertrude is a cat.
Mice are afraid of wolves.
Winona is a cat.
Jessica is a wolf.
Sheep are afraid of mice.
Emily is a mouse.
Question: What is gertrude afraid of?
Answer:"," sheep","ae.r at arirtdsso: aeroe teaaef d l a fgahd soWCs.saaPiGpe uraeifssvcfr e"
"Passage: Cats are afraid of sheep.
Wolves are afraid of cats.
Gertrude is a cat.
Mice are afraid of wolves.
Winona is a cat.
Jessica is a wolf.
Sheep are afraid of mice.
Emily is a mouse.
Question: What is jessica afraid of?
Answer:"," cat","laehifsee dosatrosr as  .a etgG iCr  f ava r adieusstpdreeofaPfaerWca.sa:"
"Passage: Cats are afraid of sheep.
Wolves are afraid of cats.
Gertrude is a cat.
Mice are afraid of wolves.
Winona is a cat.
Jessica is a wolf.
Sheep are afraid of mice.
Emily is a mouse.
Question: What is jessica afraid of?
Answer:"," cat","essd ed aattaau:a  hrseirfsGe gCseoceaf fifvr eorl   WasteaaPopiad r.as.r"
"Passage: Cats are afraid of sheep.
Wolves are afraid of cats.
Gertrude is a cat.
Mice are afraid of wolves.
Winona is a cat.
Jessica is a wolf.
Sheep are afraid of mice.
Emily is a mouse.
Question: What is winona afraid of?
Answer:"," sheep","era asfor eCoW cortahus es Gg.f saat sfda ari psirdeaaaa. lP:edeei vtfers"
"Passage: Mice are afraid of cats.
Wolves are afraid of cats.
Gertrude is a mouse.
Jessica is a wolf.
Cats are afraid of sheep.
Winona is a mouse.
Sheep are afraid of wolves.
Emily is a mouse.
Question: What is emily afraid of?
Answer:"," cat","sasfvadrat P e .aao e  :Mtaeie crds esrea fads i sarf.aeWaci outoiflGcgrr"
"Passage: Mice are afraid of cats.
Wolves are afraid of cats.
Gertrude is a mouse.
Jessica is a wolf.
Cats are afraid of sheep.
Winona is a mouse.
Sheep are afraid of wolves.
Emily is a mouse.
Question: What is jessica afraid of?
Answer:"," cat","ro f..MrdePa:o riludaatsfees ci eiWrac st r rgaiv e aeGaoed fc ass afatas"
"Passage: Mice are afraid of cats.
Wolves are afraid of cats.
Gertrude is a mouse.
Jessica is a wolf.
Cats are afraid of sheep.
Winona is a mouse.
Sheep are afraid of wolves.
Emily is a mouse.
Question: What is emily afraid of?
Answer:"," cat","r sf:etWsogiMfiP  das ar.raadesca ct tuGa.c s ledaoaarsafr eave ioeir ef "
"Passage: Mice are afraid of cats.
Wolves are afraid of cats.
Gertrude is a mouse.
Jessica is a wolf.
Cats are afraid of sheep.
Winona is a mouse.
Sheep are afraid of wolves.
Emily is a mouse.
Question: What is jessica afraid of?
Answer:"," cat","gaeaeiais . aor si rraus rPfeeadsdac MrrWta t:atcfes. faiaGs ooecv dfel  "
"Passage: Cats are afraid of mice.
Mice are afraid of cats.
Jessica is a cat.
Winona is a cat.
Sheep are afraid of mice.
Wolves are afraid of cats.
Emily is a mouse.
Gertrude is a mouse.
Question: What is emily afraid of?
Answer:"," cat","saa as:adca.fe totccteasrJefiasfeisas acs efcP   mg  iara o Ciiarr .diaMe"
"Passage: Cats are afraid of mice.
Mice are afraid of cats.
Jessica is a cat.
Winona is a cat.
Sheep are afraid of mice.
Wolves are afraid of cats.
Emily is a mouse.
Gertrude is a mouse.
Question: What is emily afraid of?
Answer:"," cat"," o ii efJ sssctraMemaar  iaagca at:i daoctiafCr fsPscdfi.aa a eeeec rss.a"
"Passage: Cats are afraid of mice.
Mice are afraid of cats.
Jessica is a cat.
Winona is a cat.
Sheep are afraid of mice.
Wolves are afraid of cats.
Emily is a mouse.
Gertrude is a mouse.
Question: What is gertrude afraid of?
Answer:"," cat","a  ereii: sc Ctsc.e.csscifaadoefcJPfeiiiatMrdaaaas a  mesaf o taa sgr  ra"
"Passage: Cats are afraid of mice.
Mice are afraid of cats.
Jessica is a cat.
Winona is a cat.
Sheep are afraid of mice.
Wolves are afraid of cats.
Emily is a mouse.
Gertrude is a mouse.
Question: What is emily afraid of?
Answer:"," cat",".ecf ssrcesodtcaa afa.iacsadg  smai aCrtsafaa ierf P:tie oe sr aciM iJe a"
"Passage: Sheep are afraid of mice.
Wolves are afraid of cats.
Gertrude is a wolf.
Jessica is a wolf.
Mice are afraid of sheep.
Winona is a sheep.
Cats are afraid of sheep.
Emily is a mouse.
Question: What is emily afraid of?
Answer:"," sheep","rfdr G.isladatei sWacrgP sra aauSares a ehcie.m ep sie vdofefeof:teoaa  r"
"Passage: Sheep are afraid of mice.
Wolves are afraid of cats.
Gertrude is a wolf.
Jessica is a wolf.
Mice are afraid of sheep.
Winona is a sheep.
Cats are afraid of sheep.
Emily is a mouse.
Question: What is emily afraid of?
Answer:"," sheep"," .er .st SoaueG ae c  Warrdfos:aascsr ahlf dvaaerageirodipasfifme itee Pe"
"Passage: Sheep are afraid of mice.
Wolves are afraid of cats.
Gertrude is a wolf.
Jessica is a wolf.
Mice are afraid of sheep.
Winona is a sheep.
Cats are afraid of sheep.
Emily is a mouse.
Question: What is emily afraid of?
Answer:"," sheep","sr odaf eSid   fsfafriecc ai rlgadeaeaea.oos retvasmspaWrti e. Peh:aGure "
"Passage: Sheep are afraid of mice.
Wolves are afraid of cats.
Gertrude is a wolf.
Jessica is a wolf.
Mice are afraid of sheep.
Winona is a sheep.
Cats are afraid of sheep.
Emily is a mouse.
Question: What is emily afraid of?
Answer:"," sheep","a Gemcaof e esdr.Sr:ei rrare f fvp dchsPeosaueds oWeaaiigiast  flaetr.a a"
"Passage: Wolves are afraid of sheep.
Sheep are afraid of mice.
Winona is a wolf.
Cats are afraid of mice.
Mice are afraid of sheep.
Jessica is a sheep.
Emily is a cat.
Gertrude is a cat.
Question: What is emily afraid of?
Answer:"," mouse","n dodsa ieencefaWo fasaer epiSasf.r rmPeaa l  : pvefo  siioha hriasW.gaee"
"Passage: Wolves are afraid of sheep.
Sheep are afraid of mice.
Winona is a wolf.
Cats are afraid of mice.
Mice are afraid of sheep.
Jessica is a sheep.
Emily is a cat.
Gertrude is a cat.
Question: What is jessica afraid of?
Answer:"," mouse","ad rdphipe.segmiaffa  PsoafereiS s : l naeahaa cr irasoWeeo o .ei evWsfan"
"Passage: Wolves are afraid of sheep.
Sheep are afraid of mice.
Winona is a wolf.
Cats are afraid of mice.
Mice are afraid of sheep.
Jessica is a sheep.
Emily is a cat.
Gertrude is a cat.
Question: What is gertrude afraid of?
Answer:"," mouse","ir g h:r p eo lcdaWWefaae.sS efnfiaPv.sa prsdas iaeon  orfahee emaa seioi"
"Passage: Wolves are afraid of sheep.
Sheep are afraid of mice.
Winona is a wolf.
Cats are afraid of mice.
Mice are afraid of sheep.
Jessica is a sheep.
Emily is a cat.
Gertrude is a cat.
Question: What is gertrude afraid of?
Answer:"," mouse","sad hiee aaeodn  fi.apei a Pesocnpf oshreeg. asaalmWaSfi se a rWrer: vfoi"
"Passage: Wolves are afraid of mice.
Mice are afraid of sheep.
Winona is a wolf.
Gertrude is a wolf.
Jessica is a wolf.
Cats are afraid of mice.
Emily is a mouse.
Sheep are afraid of mice.
Question: What is gertrude afraid of?
Answer:"," mouse","i oe vs e irW.a:edoha dnmeciisrlcrsaaa  nWoe.ff aespafiMegfas oPeaari w  "
"Passage: Wolves are afraid of mice.
Mice are afraid of sheep.
Winona is a wolf.
Gertrude is a wolf.
Jessica is a wolf.
Cats are afraid of mice.
Emily is a mouse.
Sheep are afraid of mice.
Question: What is winona afraid of?
Answer:"," mouse","redflnf.m v i aeooaar r ssriwa:iendW ceaWfs.pcehfasaPee oMgeaoi i  aa s i"
"Passage: Wolves are afraid of mice.
Mice are afraid of sheep.
Winona is a wolf.
Gertrude is a wolf.
Jessica is a wolf.
Cats are afraid of mice.
Emily is a mouse.
Sheep are afraid of mice.
Question: What is gertrude afraid of?
Answer:"," mouse","afea  Waas fsooa iea eomgai .PMoiesdhl ep.ivcna aaffewre  ieWrrcs :dnrs i"
"Passage: Wolves are afraid of mice.
Mice are afraid of sheep.
Winona is a wolf.
Gertrude is a wolf.
Jessica is a wolf.
Cats are afraid of mice.
Emily is a mouse.
Sheep are afraid of mice.
Question: What is emily afraid of?
Answer:"," sheep","cawapla fn  daa rfcae es Mim f.riah ePdsaeeogeas.ss i:vo WWeiaen ior fior"
"Passage: Wolves are afraid of sheep.
Winona is a wolf.
Mice are afraid of cats.
Emily is a mouse.
Jessica is a wolf.
Gertrude is a wolf.
Sheep are afraid of mice.
Cats are afraid of mice.
Question: What is winona afraid of?
Answer:"," sheep","g afoa saievornlwiM  e:afeiafl.reWhe sf.iaaocoidfsnpa  srsecW eor aP ad  "
"Passage: Wolves are afraid of sheep.
Winona is a wolf.
Mice are afraid of cats.
Emily is a mouse.
Jessica is a wolf.
Gertrude is a wolf.
Sheep are afraid of mice.
Cats are afraid of mice.
Question: What is jessica afraid of?
Answer:"," sheep","ea lderolv neec e nf ai rpoWaaesg..shfaca sPfWraef fio ss idowo Miiaaa r:"
"Passage: Wolves are afraid of sheep.
Winona is a wolf.
Mice are afraid of cats.
Emily is a mouse.
Jessica is a wolf.
Gertrude is a wolf.
Sheep are afraid of mice.
Cats are afraid of mice.
Question: What is emily afraid of?
Answer:"," cat","ie. aevndwrl nWor dcasWMia sif:g l  aaiaihfe  r sp aoeass cePfoforeeo.afa"
"Passage: Wolves are afraid of sheep.
Winona is a wolf.
Mice are afraid of cats.
Emily is a mouse.
Jessica is a wolf.
Gertrude is a wolf.
Sheep are afraid of mice.
Cats are afraid of mice.
Question: What is winona afraid of?
Answer:"," sheep","ifioW .aafdeiear :e asfcv  oWgsaalheefMaoaaoi w  dnP escn.sl ipref oa srr"
"Passage: Sheep are afraid of wolves.
Wolves are afraid of sheep.
Winona is a sheep.
Cats are afraid of mice.
Emily is a sheep.
Mice are afraid of wolves.
Gertrude is a cat.
Jessica is a mouse.
Question: What is gertrude afraid of?
Answer:"," mouse","la:a gadnee.soawspdovSera fPe.arihiiei apWnaoveseo fse oW  h arrf se l fs"
"Passage: Sheep are afraid of wolves.
Wolves are afraid of sheep.
Winona is a sheep.
Cats are afraid of mice.
Emily is a sheep.
Mice are afraid of wolves.
Gertrude is a cat.
Jessica is a mouse.
Question: What is emily afraid of?
Answer:"," wolf","PevaleWs ahpaeoo. s e is Wefrr:ol nswdop  rave  aaagrfaoeif.s fiesdeahSin"
"Passage: Sheep are afraid of wolves.
Wolves are afraid of sheep.
Winona is a sheep.
Cats are afraid of mice.
Emily is a sheep.
Mice are afraid of wolves.
Gertrude is a cat.
Jessica is a mouse.
Question: What is jessica afraid of?
Answer:"," wolf","eegiafae  i  ssalsna oi.v SerdePeoa Wea fnvofseliadsr  ep.opoWh:f arawrhs"
"Passage: Sheep are afraid of wolves.
Wolves are afraid of sheep.
Winona is a sheep.
Cats are afraid of mice.
Emily is a sheep.
Mice are afraid of wolves.
Gertrude is a cat.
Jessica is a mouse.
Question: What is gertrude afraid of?
Answer:"," mouse","sosW eaave Wv laa oir eoeiefewdrfsa eashs ae ai.d rnppf. rSln ghePo:ifoas"
"Passage: Wolves are afraid of mice.
Sheep are afraid of mice.
Cats are afraid of sheep.
Jessica is a sheep.
Winona is a cat.
Gertrude is a cat.
Mice are afraid of wolves.
Emily is a cat.
Question: What is winona afraid of?
Answer:"," sheep","f   rfrSiacfodW:esiaoa fl sfmoirhasrrv e e aacreadea.eiPaaCtemaesaepg.   "
"Passage: Wolves are afraid of mice.
Sheep are afraid of mice.
Cats are afraid of sheep.
Jessica is a sheep.
Winona is a cat.
Gertrude is a cat.
Mice are afraid of wolves.
Emily is a cat.
Question: What is winona afraid of?
Answer:"," sheep","g coicfSrr aeiP ars  a.rvoe lmse epi.ea  adWafoee :das asaihfaafmrearCeft"
"Passage: Wolves are afraid of mice.
Sheep are afraid of mice.
Cats are afraid of sheep.
Jessica is a sheep.
Winona is a cat.
Gertrude is a cat.
Mice are afraid of wolves.
Emily is a cat.
Question: What is winona afraid of?
Answer:"," sheep","oaarar meag c.raoS sciia m pea fsererdaffd ote:asieli rasWPfe fa veC .ahe"
"Passage: Wolves are afraid of mice.
Sheep are afraid of mice.
Cats are afraid of sheep.
Jessica is a sheep.
Winona is a cat.
Gertrude is a cat.
Mice are afraid of wolves.
Emily is a cat.
Question: What is jessica afraid of?
Answer:"," mouse","e coasie aiSfsamee r depfrsrtorv oPae Weah.m rfgca:aaif.eae flCaa da sr i"
"Passage: Wolves are afraid of cats.
Cats are afraid of wolves.
Gertrude is a wolf.
Winona is a wolf.
Sheep are afraid of mice.
Emily is a sheep.
Jessica is a sheep.
Mice are afraid of cats.
Question: What is winona afraid of?
Answer:"," cat"," swudloaaaresosdsao   earltaie ree r .cas.GCe aofWP gve ifavd :sasftfitrr"
"Passage: Wolves are afraid of cats.
Cats are afraid of wolves.
Gertrude is a wolf.
Winona is a wolf.
Sheep are afraid of mice.
Emily is a sheep.
Jessica is a sheep.
Mice are afraid of cats.
Question: What is winona afraid of?
Answer:"," cat","odtse fsrrea . vCswad  agre srt aef:rs fa.Posoatel iocalifiGeWraae v dusa"
"Passage: Wolves are afraid of cats.
Cats are afraid of wolves.
Gertrude is a wolf.
Winona is a wolf.
Sheep are afraid of mice.
Emily is a sheep.
Jessica is a sheep.
Mice are afraid of cats.
Question: What is emily afraid of?
Answer:"," mouse"," oaeeataorae iase rusa t dga.eoPf frdelsrsdii.:C  GfaelwWot c rvssaasfvr "
"Passage: Wolves are afraid of cats.
Cats are afraid of wolves.
Gertrude is a wolf.
Winona is a wolf.
Sheep are afraid of mice.
Emily is a sheep.
Jessica is a sheep.
Mice are afraid of cats.
Question: What is gertrude afraid of?
Answer:"," cat","aos .afdauarivo aafCerGeraco vw  ttddr.sss  ePl tsie  erraiWafesfaso: gel"
"Passage: Wolves are afraid of mice.
Sheep are afraid of wolves.
Mice are afraid of sheep.
Jessica is a wolf.
Gertrude is a mouse.
Cats are afraid of wolves.
Emily is a sheep.
Winona is a wolf.
Question: What is gertrude afraid of?
Answer:"," sheep","doi  ipg.ah  oaaPidrla  rfeecsowoseraaace Wfeff s.s Se f vamevae:lriereMa"
"Passage: Wolves are afraid of mice.
Sheep are afraid of wolves.
Mice are afraid of sheep.
Jessica is a wolf.
Gertrude is a mouse.
Cats are afraid of wolves.
Emily is a sheep.
Winona is a wolf.
Question: What is gertrude afraid of?
Answer:"," sheep","SagWd caaafie swe oadeeeeie esrafr isoPm a cvlrlr:eaaf aishfrpo evf.  Mo."
"Passage: Wolves are afraid of mice.
Sheep are afraid of wolves.
Mice are afraid of sheep.
Jessica is a wolf.
Gertrude is a mouse.
Cats are afraid of wolves.
Emily is a sheep.
Winona is a wolf.
Question: What is winona afraid of?
Answer:"," mouse","eevaec ce aedehaeMeedsrpv P.rsWlma al:ioe rffffasoa a . og r aiaiifwS ros"
"Passage: Wolves are afraid of mice.
Sheep are afraid of wolves.
Mice are afraid of sheep.
Jessica is a wolf.
Gertrude is a mouse.
Cats are afraid of wolves.
Emily is a sheep.
Winona is a wolf.
Question: What is emily afraid of?
Answer:"," wolf"," orsf.eoePcv lofara serieweaMieevaae fiaSdals adrf:sgeh ipaacoe  W .r  fm"
"Passage: Cats are afraid of mice.
Mice are afraid of wolves.
Wolves are afraid of cats.
Emily is a mouse.
Sheep are afraid of cats.
Jessica is a cat.
Gertrude is a wolf.
Winona is a wolf.
Question: What is winona afraid of?
Answer:"," cat",".seaescaiafMasrfeetdwr  lavraiadmaeWo  o .i o aafir rv:Cfclg a  Pseseefro"
"Passage: Cats are afraid of mice.
Mice are afraid of wolves.
Wolves are afraid of cats.
Emily is a mouse.
Sheep are afraid of cats.
Jessica is a cat.
Gertrude is a wolf.
Winona is a wolf.
Question: What is gertrude afraid of?
Answer:"," cat","ifr:Cr alosee am rcwsg aeiff.lavrcesfieP aoeaetsa e do.  rodrWsva fi aaMa"
"Passage: Cats are afraid of mice.
Mice are afraid of wolves.
Wolves are afraid of cats.
Emily is a mouse.
Sheep are afraid of cats.
Jessica is a cat.
Gertrude is a wolf.
Winona is a wolf.
Question: What is gertrude afraid of?
Answer:"," cat"," croa. s aieorofmar  Mflfirafraeicoeereagv s de a v wdlsPt:a.eieafWaCs as"
"Passage: Cats are afraid of mice.
Mice are afraid of wolves.
Wolves are afraid of cats.
Emily is a mouse.
Sheep are afraid of cats.
Jessica is a cat.
Gertrude is a wolf.
Winona is a wolf.
Question: What is jessica afraid of?
Answer:"," mouse","  alewi.oav: fraPe tg.cafamaMlCa fafss sad sei fr rWeeirvaderooori eca es"
"Passage: Mice are afraid of cats.
Sheep are afraid of cats.
Emily is a sheep.
Winona is a mouse.
Wolves are afraid of cats.
Gertrude is a wolf.
Jessica is a wolf.
Cats are afraid of mice.
Question: What is winona afraid of?
Answer:"," cat","p fcelhi rEt mcragfote.a aihao :a caS.rfiseed ais d Mssay e aefiPa aeress"
"Passage: Mice are afraid of cats.
Sheep are afraid of cats.
Emily is a sheep.
Winona is a mouse.
Wolves are afraid of cats.
Gertrude is a wolf.
Jessica is a wolf.
Cats are afraid of mice.
Question: What is jessica afraid of?
Answer:"," cat"," caeae:siso Myl fEeaedatmesi sfap  srhS hrfida isc. a.fPao c tiegraaeae r"
"Passage: Mice are afraid of cats.
Sheep are afraid of cats.
Emily is a sheep.
Winona is a mouse.
Wolves are afraid of cats.
Gertrude is a wolf.
Jessica is a wolf.
Cats are afraid of mice.
Question: What is winona afraid of?
Answer:"," cat"," .  t :ieMsceEs.rafeih sfyd er aaaf ar paaioSsadPfmeileeto  asaisgr caehc"
"Passage: Mice are afraid of cats.
Sheep are afraid of cats.
Emily is a sheep.
Winona is a mouse.
Wolves are afraid of cats.
Gertrude is a wolf.
Jessica is a wolf.
Cats are afraid of mice.
Question: What is emily afraid of?
Answer:"," cat","eim crascieefhta.yed aoep et iaalfaas  fs.crrE rM s:  edsio i aeagaPsfhSa"
"Passage: Mice are afraid of cats.
Gertrude is a mouse.
Jessica is a mouse.
Winona is a mouse.
Wolves are afraid of cats.
Cats are afraid of mice.
Sheep are afraid of wolves.
Emily is a wolf.
Question: What is gertrude afraid of?
Answer:"," cat","Mradas testuf.gos sJ eces. .iusifocide ariGr ei aoem s um ecaaessaa rPa:"
"Passage: Mice are afraid of cats.
Gertrude is a mouse.
Jessica is a mouse.
Winona is a mouse.
Wolves are afraid of cats.
Cats are afraid of mice.
Sheep are afraid of wolves.
Emily is a wolf.
Question: What is gertrude afraid of?
Answer:"," cat","i: fsPoiJm euearar  soaa.sa eecsa tsr tcgu.se.uMef  d sdsGcaeaoraieis im"
"Passage: Mice are afraid of cats.
Gertrude is a mouse.
Jessica is a mouse.
Winona is a mouse.
Wolves are afraid of cats.
Cats are afraid of mice.
Sheep are afraid of wolves.
Emily is a wolf.
Question: What is emily afraid of?
Answer:"," cat","t so iecsc.ftesi    usa aasa edc meuirues.asfgPorJ esisraeGoaaiaredm .M:"
"Passage: Mice are afraid of cats.
Gertrude is a mouse.
Jessica is a mouse.
Winona is a mouse.
Wolves are afraid of cats.
Cats are afraid of mice.
Sheep are afraid of wolves.
Emily is a wolf.
Question: What is emily afraid of?
Answer:"," cat","sdea sJsaacuse.seeiccofagia eaom: utiefassmrtr e Md  u  oG. a ssP.rreiai"
"Passage: Cats are afraid of mice.
Sheep are afraid of mice.
Winona is a cat.
Emily is a sheep.
Gertrude is a sheep.
Mice are afraid of cats.
Wolves are afraid of mice.
Jessica is a mouse.
Question: What is winona afraid of?
Answer:"," mouse",".tifsateSfniaoaimadWra .a  s igapefcedfi ana eC:r scoe oasier a m caehPr "
"Passage: Cats are afraid of mice.
Sheep are afraid of mice.
Winona is a cat.
Emily is a sheep.
Gertrude is a sheep.
Mice are afraid of cats.
Wolves are afraid of mice.
Jessica is a mouse.
Question: What is winona afraid of?
Answer:"," mouse","sadaaCinic  feeic Sfmartiegis rfre aoaed.snaefoic oa  pm  hPraeas .a Wt:a"
"Passage: Cats are afraid of mice.
Sheep are afraid of mice.
Winona is a cat.
Emily is a sheep.
Gertrude is a sheep.
Mice are afraid of cats.
Wolves are afraid of mice.
Jessica is a mouse.
Question: What is winona afraid of?
Answer:"," mouse"," iamo.arifci. Ct asma  fsiPr:ran dWceafen aagcaeoo s aetfi apiS seae rdhe"
"Passage: Cats are afraid of mice.
Sheep are afraid of mice.
Winona is a cat.
Emily is a sheep.
Gertrude is a sheep.
Mice are afraid of cats.
Wolves are afraid of mice.
Jessica is a mouse.
Question: What is winona afraid of?
Answer:"," mouse","f a asmr.:aaeictiaafPo ihaasds i  Sn.iad  epa rg cmraeneeffio CsWeae rcto"
"Passage: Cats are afraid of wolves.
Sheep are afraid of cats.
Gertrude is a cat.
Jessica is a sheep.
Wolves are afraid of sheep.
Emily is a sheep.
Mice are afraid of sheep.
Winona is a mouse.
Question: What is gertrude afraid of?
Answer:"," wolf",":s gvedosuafeii r a  dGasaee frScr orwl ta taaaasdae .atepeiPrCfr. fesohs"
"Passage: Cats are afraid of wolves.
Sheep are afraid of cats.
Gertrude is a cat.
Jessica is a sheep.
Wolves are afraid of sheep.
Emily is a sheep.
Mice are afraid of sheep.
Winona is a mouse.
Question: What is winona afraid of?
Answer:"," sheep","a r iad a efd.aihete a.esaerafgrrc: afdosavSe eapol  srt fuGit waoresCssP"
"Passage: Cats are afraid of wolves.
Sheep are afraid of cats.
Gertrude is a cat.
Jessica is a sheep.
Wolves are afraid of sheep.
Emily is a sheep.
Mice are afraid of sheep.
Winona is a mouse.
Question: What is jessica afraid of?
Answer:"," cat","f e feCtlsas aedra. frSap.iGe   dtaiisscr rrsfotue:sahaa Podea vw eraeago"
"Passage: Cats are afraid of wolves.
Sheep are afraid of cats.
Gertrude is a cat.
Jessica is a sheep.
Wolves are afraid of sheep.
Emily is a sheep.
Mice are afraid of sheep.
Winona is a mouse.
Question: What is emily afraid of?
Answer:"," cat","re.hPSdaf suGels e tioawft epid ic r eos da.ffara aoaasCargsea rae:tr sev"
"Passage: Mice are afraid of cats.
Wolves are afraid of mice.
Emily is a mouse.
Winona is a wolf.
Cats are afraid of mice.
Jessica is a mouse.
Sheep are afraid of wolves.
Gertrude is a cat.
Question: What is winona afraid of?
Answer:"," mouse","o  eM dfr sWifvoeEarla.icoieraiaPc eadafty.o   ifea sagiura :ascm l emsms"
"Passage: Mice are afraid of cats.
Wolves are afraid of mice.
Emily is a mouse.
Winona is a wolf.
Cats are afraid of mice.
Jessica is a mouse.
Sheep are afraid of wolves.
Gertrude is a cat.
Question: What is winona afraid of?
Answer:"," mouse","aes csca lua.viieolrcfs  maafiWtaa rrr ae yaaiiM :fseds o  doPe fom.meEig"
"Passage: Mice are afraid of cats.
Wolves are afraid of mice.
Emily is a mouse.
Winona is a wolf.
Cats are afraid of mice.
Jessica is a mouse.
Sheep are afraid of wolves.
Gertrude is a cat.
Question: What is winona afraid of?
Answer:"," mouse","fdMos:tPmfrsWa eeal a l.iay  ie aEa irafacm rviso cue oee scfsgraiim.a od"
"Passage: Mice are afraid of cats.
Wolves are afraid of mice.
Emily is a mouse.
Winona is a wolf.
Cats are afraid of mice.
Jessica is a mouse.
Sheep are afraid of wolves.
Gertrude is a cat.
Question: What is jessica afraid of?
Answer:"," cat","ma.  semodaocar ia  aic aiisy dPMo to e.eisa:sErfmceaufaWfelafrvrgei  sl "
"Passage: Sheep are afraid of mice.
Jessica is a sheep.
Cats are afraid of mice.
Wolves are afraid of cats.
Emily is a cat.
Winona is a wolf.
Gertrude is a sheep.
Mice are afraid of wolves.
Question: What is winona afraid of?
Answer:"," cat","ai m:tfseesrJpagmif epas Cs o eS rcaa osaaaridchef es   .eaia.edisahfPer "
"Passage: Sheep are afraid of mice.
Jessica is a sheep.
Cats are afraid of mice.
Wolves are afraid of cats.
Emily is a cat.
Winona is a wolf.
Gertrude is a sheep.
Mice are afraid of wolves.
Question: What is winona afraid of?
Answer:"," cat","r ifed iPre:Jgeesoaoaraaitfa e  esCiacpashsaacd seip .  mr  f.smahafS see"
"Passage: Sheep are afraid of mice.
Jessica is a sheep.
Cats are afraid of mice.
Wolves are afraid of cats.
Emily is a cat.
Winona is a wolf.
Gertrude is a sheep.
Mice are afraid of wolves.
Question: What is jessica afraid of?
Answer:"," mouse"," smfahocah.rsaamre sifdeaeaSs  eessfa ac e:rieiPpd f i.  pgatrsCaae ieJ o"
"Passage: Sheep are afraid of mice.
Jessica is a sheep.
Cats are afraid of mice.
Wolves are afraid of cats.
Emily is a cat.
Winona is a wolf.
Gertrude is a sheep.
Mice are afraid of wolves.
Question: What is winona afraid of?
Answer:"," cat","oesCseiehS ide a se f pa rm aa:mehri saJsi.ife P tccfdaegapr o seaaar.sfa"
"Passage: Cats are afraid of mice.
Mice are afraid of cats.
Jessica is a mouse.
Wolves are afraid of cats.
Emily is a wolf.
Gertrude is a wolf.
Sheep are afraid of cats.
Winona is a mouse.
Question: What is jessica afraid of?
Answer:"," cat","reacc raace:s  meaJ.s iCdra cesdMfrtfa.oiPast iaeiaomfa fsi  ais saeg  uo"
"Passage: Cats are afraid of mice.
Mice are afraid of cats.
Jessica is a mouse.
Wolves are afraid of cats.
Emily is a wolf.
Gertrude is a wolf.
Sheep are afraid of cats.
Winona is a mouse.
Question: What is jessica afraid of?
Answer:"," cat","ei .t:sfau  o sfa  faoJ rsstiiM crrecam PdaigmiaiCs.asaeardsa acoe  faeec"
"Passage: Cats are afraid of mice.
Mice are afraid of cats.
Jessica is a mouse.
Wolves are afraid of cats.
Emily is a wolf.
Gertrude is a wolf.
Sheep are afraid of cats.
Winona is a mouse.
Question: What is gertrude afraid of?
Answer:"," cat","rm s.sa geaooa seePfitasi.orr c:i  ceefdiscrut  M Cfaf aaacmsJid a aisaea"
"Passage: Cats are afraid of mice.
Mice are afraid of cats.
Jessica is a mouse.
Wolves are afraid of cats.
Emily is a wolf.
Gertrude is a wolf.
Sheep are afraid of cats.
Winona is a mouse.
Question: What is jessica afraid of?
Answer:"," cat","teoar aa fsmsd  iae a ei uJcosf:.raaiiessmacoM scacfPr.  id ase iCftaaerg"
"Passage: Sheep are afraid of mice.
Mice are afraid of sheep.
Cats are afraid of sheep.
Winona is a cat.
Gertrude is a mouse.
Wolves are afraid of mice.
Emily is a wolf.
Jessica is a cat.
Question: What is emily afraid of?
Answer:"," mouse","aifareeei mrpaahPh.ieiCcS aaa e  dstff ifarr arefo. asarpe adcesMog se:e "
"Passage: Sheep are afraid of mice.
Mice are afraid of sheep.
Cats are afraid of sheep.
Winona is a cat.
Gertrude is a mouse.
Wolves are afraid of mice.
Emily is a wolf.
Jessica is a cat.
Question: What is winona afraid of?
Answer:"," sheep","haecaaaddaa C seriptieeiS esrei fga.oerao fa :ffraef ha Pr e sc eaps.mriM"
"Passage: Sheep are afraid of mice.
Mice are afraid of sheep.
Cats are afraid of sheep.
Winona is a cat.
Gertrude is a mouse.
Wolves are afraid of mice.
Emily is a wolf.
Jessica is a cat.
Question: What is winona afraid of?
Answer:"," sheep","e .hie hfeM Pers .Siffaas arari ae aesc ftgaeCdpra oid fmcerao:sipaare ae"
"Passage: Sheep are afraid of mice.
Mice are afraid of sheep.
Cats are afraid of sheep.
Winona is a cat.
Gertrude is a mouse.
Wolves are afraid of mice.
Emily is a wolf.
Jessica is a cat.
Question: What is gertrude afraid of?
Answer:"," sheep"," adaeeaa Miracdsosh retc eofhP iare.. :eiaif agampfar a sCS ieperfaer efs"
"Passage: Mice are afraid of cats.
Gertrude is a mouse.
Sheep are afraid of wolves.
Wolves are afraid of cats.
Winona is a wolf.
Jessica is a sheep.
Cats are afraid of sheep.
Emily is a mouse.
Question: What is emily afraid of?
Answer:"," cat","auessud.dasaa Ptae  receee:Miof i gsieafafemroeoarai drhcGrf S .  atsp  r"
"Passage: Mice are afraid of cats.
Gertrude is a mouse.
Sheep are afraid of wolves.
Wolves are afraid of cats.
Winona is a wolf.
Jessica is a sheep.
Cats are afraid of sheep.
Emily is a mouse.
Question: What is gertrude afraid of?
Answer:"," cat",".aee r.sscagaPoireearareut  itm fo:eihSafpafs  cdM er e  eGr ud fasaoasid"
"Passage: Mice are afraid of cats.
Gertrude is a mouse.
Sheep are afraid of wolves.
Wolves are afraid of cats.
Winona is a wolf.
Jessica is a sheep.
Cats are afraid of sheep.
Emily is a mouse.
Question: What is gertrude afraid of?
Answer:"," cat","eettofe deaSairfu P si:r eg .eoedsoruarc  sirma fsea  faeMa p.Gca sardhai"
"Passage: Mice are afraid of cats.
Gertrude is a mouse.
Sheep are afraid of wolves.
Wolves are afraid of cats.
Winona is a wolf.
Jessica is a sheep.
Cats are afraid of sheep.
Emily is a mouse.
Question: What is gertrude afraid of?
Answer:"," cat","aiaaofehai rf  aeaseftrargdtmdcaueMdioeroaauPp.e e :  Gsr S  sric.  efses"
"Passage: Mice are afraid of cats.
Sheep are afraid of mice.
Emily is a sheep.
Wolves are afraid of sheep.
Jessica is a mouse.
Gertrude is a sheep.
Cats are afraid of wolves.
Winona is a cat.
Question: What is winona afraid of?
Answer:"," wolf","idcrfe:diasifimas ea .S fehe  ars.ye elfasthmpoea    aEiairPeMscocr ag ae"
"Passage: Mice are afraid of cats.
Sheep are afraid of mice.
Emily is a sheep.
Wolves are afraid of sheep.
Jessica is a mouse.
Gertrude is a sheep.
Cats are afraid of wolves.
Winona is a cat.
Question: What is emily afraid of?
Answer:"," mouse","tP fidha sSisE fesecfci es.eaiare a .ea hgiasmf rc rMe: iro a epaoladamey"
"Passage: Mice are afraid of cats.
Sheep are afraid of mice.
Emily is a sheep.
Wolves are afraid of sheep.
Jessica is a mouse.
Gertrude is a sheep.
Cats are afraid of wolves.
Winona is a cat.
Question: What is winona afraid of?
Answer:"," wolf","haeP afrcescgaEaadsr ioehaeads.Mlesmyfai apie   crmSit rs:eieiff   oea.  "
"Passage: Mice are afraid of cats.
Sheep are afraid of mice.
Emily is a sheep.
Wolves are afraid of sheep.
Jessica is a mouse.
Gertrude is a sheep.
Cats are afraid of wolves.
Winona is a cat.
Question: What is emily afraid of?
Answer:"," mouse","si:s ily e raaiaapmmMts  scccedo i  .r aaP aefSaifehEdfroeerfhea ie.esga "
"Passage: Wolves are afraid of cats.
Cats are afraid of sheep.
Mice are afraid of sheep.
Sheep are afraid of wolves.
Winona is a sheep.
Jessica is a sheep.
Gertrude is a mouse.
Emily is a cat.
Question: What is winona afraid of?
Answer:"," wolf","oeresaiPee W:a aaosoechfr  aeMrs.sifcd  ar a rfC fgaf.pvs aaslteaaadtier "
"Passage: Wolves are afraid of cats.
Cats are afraid of sheep.
Mice are afraid of sheep.
Sheep are afraid of wolves.
Winona is a sheep.
Jessica is a sheep.
Gertrude is a mouse.
Emily is a cat.
Question: What is gertrude afraid of?
Answer:"," sheep","etas  aMssa cpalfreif Wefeo asaariaarsCtarh rf. oaPai cefsre deo a.:dveg "
"Passage: Wolves are afraid of cats.
Cats are afraid of sheep.
Mice are afraid of sheep.
Sheep are afraid of wolves.
Winona is a sheep.
Jessica is a sheep.
Gertrude is a mouse.
Emily is a cat.
Question: What is gertrude afraid of?
Answer:"," sheep","ftfMgoPsa CWfe sa leefveiae acric. daeesrareror  df ta:a ssraaioa.a shpa "
"Passage: Wolves are afraid of cats.
Cats are afraid of sheep.
Mice are afraid of sheep.
Sheep are afraid of wolves.
Winona is a sheep.
Jessica is a sheep.
Gertrude is a mouse.
Emily is a cat.
Question: What is gertrude afraid of?
Answer:"," sheep","i a f aarMeaecreet  heda saacfss gfpis or. etfP: esdavrrWrlia.afCaosaoae "
"Passage: Wolves are afraid of mice.
Sheep are afraid of cats.
Winona is a sheep.
Gertrude is a sheep.
Cats are afraid of mice.
Emily is a sheep.
Jessica is a sheep.
Mice are afraid of wolves.
Question: What is jessica afraid of?
Answer:"," cat"," feo. riffiisosedmc tveWs   innar d o raeaar seahiafSsaoe sgW.aa cp:Paale"
"Passage: Wolves are afraid of mice.
Sheep are afraid of cats.
Winona is a sheep.
Gertrude is a sheep.
Cats are afraid of mice.
Emily is a sheep.
Jessica is a sheep.
Mice are afraid of wolves.
Question: What is gertrude afraid of?
Answer:"," cat",".fWgdiser reean   sd f ao SvPsoaeeaao:mtafahiarWsc onpcil  r eesiiaasf .a"
"Passage: Wolves are afraid of mice.
Sheep are afraid of cats.
Winona is a sheep.
Gertrude is a sheep.
Cats are afraid of mice.
Emily is a sheep.
Jessica is a sheep.
Mice are afraid of wolves.
Question: What is gertrude afraid of?
Answer:"," cat","esse ala .i aaeapn frsac aaf rfmsrotiPdW: e ciiovdiWho.a  agrnSee eosf sa"
"Passage: Wolves are afraid of mice.
Sheep are afraid of cats.
Winona is a sheep.
Gertrude is a sheep.
Cats are afraid of mice.
Emily is a sheep.
Jessica is a sheep.
Mice are afraid of wolves.
Question: What is jessica afraid of?
Answer:"," cat","e  gasvrida ic is .pee oeoref a rhesis fi WocaPfdS atemaaslarnf .a:saoWan"
"Passage: Sheep are afraid of wolves.
Wolves are afraid of mice.
Mice are afraid of wolves.
Gertrude is a mouse.
Cats are afraid of wolves.
Emily is a sheep.
Jessica is a wolf.
Winona is a mouse.
Question: What is gertrude afraid of?
Answer:"," wolf","offeei: P islWoieMdfdla  .ra raaese aaehme oef scroveaapvaS fr rc gs.eiwa"
"Passage: Sheep are afraid of wolves.
Wolves are afraid of mice.
Mice are afraid of wolves.
Gertrude is a mouse.
Cats are afraid of wolves.
Emily is a sheep.
Jessica is a wolf.
Winona is a mouse.
Question: What is emily afraid of?
Answer:"," wolf","fe  vsocweeW irvrd a:mfPo fSogee lroMpaarc ra.si ehlaas saaeei fdi.afa ee"
"Passage: Sheep are afraid of wolves.
Wolves are afraid of mice.
Mice are afraid of wolves.
Gertrude is a mouse.
Cats are afraid of wolves.
Emily is a sheep.
Jessica is a wolf.
Winona is a mouse.
Question: What is gertrude afraid of?
Answer:"," wolf","ocri.aasea fglaea  dda er: oiia WfferPv slcrhwe sfMmeeor. s faepaev eSiao"
"Passage: Sheep are afraid of wolves.
Wolves are afraid of mice.
Mice are afraid of wolves.
Gertrude is a mouse.
Cats are afraid of wolves.
Emily is a sheep.
Jessica is a wolf.
Winona is a mouse.
Question: What is emily afraid of?
Answer:"," wolf"," e deeWasvs ice aaeeale.frf  .osfvicdoSaeParripaslmega  ra owe  ffMaoh:ir"
"Passage: Mice are afraid of wolves.
Cats are afraid of wolves.
Jessica is a mouse.
Wolves are afraid of sheep.
Sheep are afraid of wolves.
Gertrude is a cat.
Winona is a mouse.
Emily is a cat.
Question: What is winona afraid of?
Answer:"," wolf","ws es aos.aaC aaJr:loaPediies.f fid sec wsaMvci ooaiel efgesar  farar svt"
"Passage: Mice are afraid of wolves.
Cats are afraid of wolves.
Jessica is a mouse.
Wolves are afraid of sheep.
Sheep are afraid of wolves.
Gertrude is a cat.
Winona is a mouse.
Emily is a cat.
Question: What is gertrude afraid of?
Answer:"," wolf","v fcsCfoisl r aoe rsd oe.wecei  Marefslsaag P aaiaas.ar:ssafie wivoeda tJ"
"Passage: Mice are afraid of wolves.
Cats are afraid of wolves.
Jessica is a mouse.
Wolves are afraid of sheep.
Sheep are afraid of wolves.
Gertrude is a cat.
Winona is a mouse.
Emily is a cat.
Question: What is jessica afraid of?
Answer:"," wolf","v asseealrtsi ra e aJc .s  oa ofesdMiae rieie sirg.faPw oa:wfassalodfCvca"
"Passage: Mice are afraid of wolves.
Cats are afraid of wolves.
Jessica is a mouse.
Wolves are afraid of sheep.
Sheep are afraid of wolves.
Gertrude is a cat.
Winona is a mouse.
Emily is a cat.
Question: What is winona afraid of?
Answer:"," wolf","Jrss ao Caedcig .efe Mfce aodsra.v  ovwr  rsaPesaoeafwliitasiae a:fl isas"
"Passage: Wolves are afraid of cats.
Mice are afraid of sheep.
Cats are afraid of mice.
Sheep are afraid of cats.
Gertrude is a sheep.
Jessica is a cat.
Emily is a mouse.
Winona is a mouse.
Question: What is winona afraid of?
Answer:"," sheep","asaCei  l ha a ag.sstos id efa rvraaeetaa efrfasP cecofreapWasf:rre.Modi "
"Passage: Wolves are afraid of cats.
Mice are afraid of sheep.
Cats are afraid of mice.
Sheep are afraid of cats.
Gertrude is a sheep.
Jessica is a cat.
Emily is a mouse.
Winona is a mouse.
Question: What is emily afraid of?
Answer:"," sheep"," l afree.c e .asParpafafrv soosg iife h :aedsaMaasateteia for WrdascarCe "
"Passage: Wolves are afraid of cats.
Mice are afraid of sheep.
Cats are afraid of mice.
Sheep are afraid of cats.
Gertrude is a sheep.
Jessica is a cat.
Emily is a mouse.
Winona is a mouse.
Question: What is jessica afraid of?
Answer:"," mouse"," tves .iaeaearaaess aarsefiedcafaghWr ofep oslfMfra  oa .r:asC i edr Ptca"
"Passage: Wolves are afraid of cats.
Mice are afraid of sheep.
Cats are afraid of mice.
Sheep are afraid of cats.
Gertrude is a sheep.
Jessica is a cat.
Emily is a mouse.
Winona is a mouse.
Question: What is gertrude afraid of?
Answer:"," cat"," li ciapsaWr rMforfa:e earP arege aa saa cteeeefhds.oosstsdfiav aafa Cr. "
"Passage: Sheep are afraid of cats.
Cats are afraid of mice.
Wolves are afraid of mice.
Jessica is a sheep.
Gertrude is a sheep.
Winona is a sheep.
Emily is a cat.
Mice are afraid of cats.
Question: What is winona afraid of?
Answer:"," cat","a frraoi Cecafta odpa.saaca fs  da eWa.sve fre erfteaeriiPh:mgs al saoerS"
"Passage: Sheep are afraid of cats.
Cats are afraid of mice.
Wolves are afraid of mice.
Jessica is a sheep.
Gertrude is a sheep.
Winona is a sheep.
Emily is a cat.
Mice are afraid of cats.
Question: What is gertrude afraid of?
Answer:"," cat","aecPeiSfatlrsfstro:h aeai. fafae saero sv p fCWgd rd  s ae crmaoaaaeera.i"
"Passage: Sheep are afraid of cats.
Cats are afraid of mice.
Wolves are afraid of mice.
Jessica is a sheep.
Gertrude is a sheep.
Winona is a sheep.
Emily is a cat.
Mice are afraid of cats.
Question: What is jessica afraid of?
Answer:"," cat","Pdpt a mal.r afaoi.foseafcsadWasC   asraer:gt caer oresS eefi afiaareve h"
"Passage: Sheep are afraid of cats.
Cats are afraid of mice.
Wolves are afraid of mice.
Jessica is a sheep.
Gertrude is a sheep.
Winona is a sheep.
Emily is a cat.
Mice are afraid of cats.
Question: What is jessica afraid of?
Answer:"," cat","o  rCgStl aaaaPsaWasdcc fe:eiafhpfraaeeodasf vr.t ea.rm  er eia rssaf eoi"
"Passage: Wolves are afraid of cats.
Cats are afraid of sheep.
Mice are afraid of sheep.
Emily is a wolf.
Jessica is a wolf.
Sheep are afraid of mice.
Gertrude is a wolf.
Winona is a wolf.
Question: What is jessica afraid of?
Answer:"," cat","igtCe sefivpsaars.e e  afafao resc M aoP aoasdlfe.aaac:ahreaW   rfdsirret"
"Passage: Wolves are afraid of cats.
Cats are afraid of sheep.
Mice are afraid of sheep.
Emily is a wolf.
Jessica is a wolf.
Sheep are afraid of mice.
Gertrude is a wolf.
Winona is a wolf.
Question: What is gertrude afraid of?
Answer:"," cat","aaecepor rvol.f ecsaseta hoW: a   safre riPeferf.efiCaa s  sadrMaaasdtaig"
"Passage: Wolves are afraid of cats.
Cats are afraid of sheep.
Mice are afraid of sheep.
Emily is a wolf.
Jessica is a wolf.
Sheep are afraid of mice.
Gertrude is a wolf.
Winona is a wolf.
Question: What is gertrude afraid of?
Answer:"," cat","C aeaotrpac a fiMeeaero ths Psce l raf vdoaraaearesag .. s s:aesrWiaifffd"
"Passage: Wolves are afraid of cats.
Cats are afraid of sheep.
Mice are afraid of sheep.
Emily is a wolf.
Jessica is a wolf.
Sheep are afraid of mice.
Gertrude is a wolf.
Winona is a wolf.
Question: What is gertrude afraid of?
Answer:"," cat","srep  sv. iifCee  eM :rt aeeat ro aa.ragWsfaasaffePraorlas iasadef hccdoa"
"Passage: Sheep are afraid of mice.
Jessica is a sheep.
Cats are afraid of wolves.
Wolves are afraid of mice.
Gertrude is a sheep.
Emily is a wolf.
Winona is a sheep.
Mice are afraid of cats.
Question: What is gertrude afraid of?
Answer:"," mouse","e .cagrwitaaes d ePaao aefpdres siC faa esa:hpe siasJfehs.ifa ciro  m rSe"
"Passage: Sheep are afraid of mice.
Jessica is a sheep.
Cats are afraid of wolves.
Wolves are afraid of mice.
Gertrude is a sheep.
Emily is a wolf.
Winona is a sheep.
Mice are afraid of cats.
Question: What is gertrude afraid of?
Answer:"," mouse",":s fiaaaiacrfsh ieta .ec ede  dr Sp.se  iiJaofr  smh wraegoCfesaPaaaepess"
"Passage: Sheep are afraid of mice.
Jessica is a sheep.
Cats are afraid of wolves.
Wolves are afraid of mice.
Gertrude is a sheep.
Emily is a wolf.
Winona is a sheep.
Mice are afraid of cats.
Question: What is emily afraid of?
Answer:"," mouse","sesacr eedwcra  issrahh.im:iCi f i Pead.aSs sft osa  Jeafpap eogaee farae"
"Passage: Sheep are afraid of mice.
Jessica is a sheep.
Cats are afraid of wolves.
Wolves are afraid of mice.
Gertrude is a sheep.
Emily is a wolf.
Winona is a sheep.
Mice are afraid of cats.
Question: What is emily afraid of?
Answer:"," mouse",":a i C se iiassr pda a eoaesePisime sf  reJftahgraafraSs eapfod.. achwcee"
"Passage: Sheep are afraid of cats.
Cats are afraid of sheep.
Emily is a cat.
Winona is a cat.
Gertrude is a cat.
Mice are afraid of cats.
Wolves are afraid of mice.
Jessica is a cat.
Question: What is gertrude afraid of?
Answer:"," sheep","faafpegs.otEe ct:dr raahfh.rsaeseisi Pe i ia f sdaoCamatypl c  erSaeaa s "
"Passage: Sheep are afraid of cats.
Cats are afraid of sheep.
Emily is a cat.
Winona is a cat.
Gertrude is a cat.
Mice are afraid of cats.
Wolves are afraid of mice.
Jessica is a cat.
Question: What is emily afraid of?
Answer:"," sheep"," elr aap fdafcs .io ffeseC gtiroPat raa ssEdhi sa sSea ca .meiarehea:pyta"
"Passage: Sheep are afraid of cats.
Cats are afraid of sheep.
Emily is a cat.
Winona is a cat.
Gertrude is a cat.
Mice are afraid of cats.
Wolves are afraid of mice.
Jessica is a cat.
Question: What is winona afraid of?
Answer:"," sheep","Pah.a aeir  CtSadesiaaayaghs fo paaipeoerltr  rffs etsms: acsEe.e ifa d c"
"Passage: Sheep are afraid of cats.
Cats are afraid of sheep.
Emily is a cat.
Winona is a cat.
Gertrude is a cat.
Mice are afraid of cats.
Wolves are afraid of mice.
Jessica is a cat.
Question: What is jessica afraid of?
Answer:"," sheep","iaae rt eehfg ha ormCfdaisea c   aalf yosc. Eafess:ai .earrstias SpPdaetp"
"Passage: Mice are afraid of sheep.
Sheep are afraid of cats.
Wolves are afraid of cats.
Emily is a sheep.
Jessica is a sheep.
Winona is a mouse.
Cats are afraid of sheep.
Gertrude is a mouse.
Question: What is emily afraid of?
Answer:"," cat","icsf.aeeWeraSsaMi rria se:lhe pdr ao.sfafeeegot o eaf Pasc   arafaperdv h"
"Passage: Mice are afraid of sheep.
Sheep are afraid of cats.
Wolves are afraid of cats.
Emily is a sheep.
Jessica is a sheep.
Winona is a mouse.
Cats are afraid of sheep.
Gertrude is a mouse.
Question: What is emily afraid of?
Answer:"," cat"," i S ae.gserf  s afaafe.Pte  aivoa da spW ofeeeae:idhrclcrosfaMesrrrhaeap"
"Passage: Mice are afraid of sheep.
Sheep are afraid of cats.
Wolves are afraid of cats.
Emily is a sheep.
Jessica is a sheep.
Winona is a mouse.
Cats are afraid of sheep.
Gertrude is a mouse.
Question: What is gertrude afraid of?
Answer:"," sheep","saae e asfe pvfaoacesaf srrhli aag.afreeSd  .etad iPhrco Wf ieo:sraepMre "
"Passage: Mice are afraid of sheep.
Sheep are afraid of cats.
Wolves are afraid of cats.
Emily is a sheep.
Jessica is a sheep.
Winona is a mouse.
Cats are afraid of sheep.
Gertrude is a mouse.
Question: What is jessica afraid of?
Answer:"," cat","troraare dasSaafPref   pW. avs reei: faeh oipdflaa eacr h.eacfsieegMesos "
"Passage: Sheep are afraid of wolves.
Wolves are afraid of mice.
Emily is a sheep.
Cats are afraid of sheep.
Jessica is a wolf.
Winona is a sheep.
Mice are afraid of sheep.
Gertrude is a wolf.
Question: What is gertrude afraid of?
Answer:"," mouse","cidosa mes:srafEvPaeoerafrfhoiyeg.ed   l oaailsiafra ee .w vpW ea   msSil"
"Passage: Sheep are afraid of wolves.
Wolves are afraid of mice.
Emily is a sheep.
Cats are afraid of sheep.
Jessica is a wolf.
Winona is a sheep.
Mice are afraid of sheep.
Gertrude is a wolf.
Question: What is jessica afraid of?
Answer:"," mouse","larmedsaho :  fsaiWde iaga o ae ofis vac S.ifywEerl.Pea peralv  fsiseermo"
"Passage: Sheep are afraid of wolves.
Wolves are afraid of mice.
Emily is a sheep.
Cats are afraid of sheep.
Jessica is a wolf.
Winona is a sheep.
Mice are afraid of sheep.
Gertrude is a wolf.
Question: What is jessica afraid of?
Answer:"," mouse","of :ae  ehmd fofiei y ilosaf.pdwmcWgv  s aEPveiaoias s rl rSrerseeala.aae"
"Passage: Sheep are afraid of wolves.
Wolves are afraid of mice.
Emily is a sheep.
Cats are afraid of sheep.
Jessica is a wolf.
Winona is a sheep.
Mice are afraid of sheep.
Gertrude is a wolf.
Question: What is emily afraid of?
Answer:"," wolf","eea .lpde e :olaPs aw aovgav.csmyf  aersdaraWefeeo ir s Soafil rmhi ifisE"
"Passage: Mice are afraid of cats.
Sheep are afraid of cats.
Emily is a sheep.
Wolves are afraid of cats.
Cats are afraid of sheep.
Gertrude is a cat.
Jessica is a mouse.
Winona is a cat.
Question: What is winona afraid of?
Answer:"," sheep","..a Ehayaaesi  icf aS e aPerlf soseigdifaa   desrMcrscprt:tmaa ohaiefs ee"
"Passage: Mice are afraid of cats.
Sheep are afraid of cats.
Emily is a sheep.
Wolves are afraid of cats.
Cats are afraid of sheep.
Gertrude is a cat.
Jessica is a mouse.
Winona is a cat.
Question: What is gertrude afraid of?
Answer:"," sheep","MaaetheoascefieSE:aad  .micgiPcfldsh efrsraep   a a.iose  is asayreat fr "
"Passage: Mice are afraid of cats.
Sheep are afraid of cats.
Emily is a sheep.
Wolves are afraid of cats.
Cats are afraid of sheep.
Gertrude is a cat.
Jessica is a mouse.
Winona is a cat.
Question: What is gertrude afraid of?
Answer:"," sheep","srePta fh.yaiMeeeisageaeisfacsE  dr ho os rct  dc aafmfaSsiepare l. : iaa"
"Passage: Mice are afraid of cats.
Sheep are afraid of cats.
Emily is a sheep.
Wolves are afraid of cats.
Cats are afraid of sheep.
Gertrude is a cat.
Jessica is a mouse.
Winona is a cat.
Question: What is emily afraid of?
Answer:"," cat","fiy ff lro.i sasa.e Eeeiad :pceotct a s ahasd aeir SMfgm  saPceehriasaera"
"Passage: Mice are afraid of cats.
Wolves are afraid of cats.
Cats are afraid of wolves.
Sheep are afraid of mice.
Jessica is a wolf.
Emily is a cat.
Winona is a cat.
Gertrude is a cat.
Question: What is gertrude afraid of?
Answer:"," wolf","  faaa sdvcaesaraiWcsa aios:arfride. glifrftMersraPe coatafa  sC.  aeeto "
"Passage: Mice are afraid of cats.
Wolves are afraid of cats.
Cats are afraid of wolves.
Sheep are afraid of mice.
Jessica is a wolf.
Emily is a cat.
Winona is a cat.
Gertrude is a cat.
Question: What is gertrude afraid of?
Answer:"," wolf","aocsW aaaifei f  iv as.oasagoe fldfe racsM ceC ai traertPds:aaarr.ftrse a"
"Passage: Mice are afraid of cats.
Wolves are afraid of cats.
Cats are afraid of wolves.
Sheep are afraid of mice.
Jessica is a wolf.
Emily is a cat.
Winona is a cat.
Gertrude is a cat.
Question: What is emily afraid of?
Answer:"," wolf","sr aoascre icd:Wf.esrPsavo Clreif aia.aara sMfteaaaat ordc aifae  sg  tfe"
"Passage: Mice are afraid of cats.
Wolves are afraid of cats.
Cats are afraid of wolves.
Sheep are afraid of mice.
Jessica is a wolf.
Emily is a cat.
Winona is a cat.
Gertrude is a cat.
Question: What is jessica afraid of?
Answer:"," cat","a  ioft iMfodacP eac.sfos.agssa eclraeeaCr r  iari:t vaa taaWearsf sdrafe"
"Passage: Wolves are afraid of mice.
Sheep are afraid of mice.
Gertrude is a wolf.
Winona is a wolf.
Cats are afraid of wolves.
Jessica is a sheep.
Emily is a cat.
Mice are afraid of cats.
Question: What is emily afraid of?
Answer:"," wolf","Pva  asoa.t efsrrredoeighreuclWcoS diemfe.rdf  safGaeip msiaa:aeer  a e i"
"Passage: Wolves are afraid of mice.
Sheep are afraid of mice.
Gertrude is a wolf.
Winona is a wolf.
Cats are afraid of wolves.
Jessica is a sheep.
Emily is a cat.
Mice are afraid of cats.
Question: What is emily afraid of?
Answer:"," wolf","fri   iW rri eeefamu sascs.itarla.mddPSav e d:aGcf gseroeeaefa opare iheo"
"Passage: Wolves are afraid of mice.
Sheep are afraid of mice.
Gertrude is a wolf.
Winona is a wolf.
Cats are afraid of wolves.
Jessica is a sheep.
Emily is a cat.
Mice are afraid of cats.
Question: What is jessica afraid of?
Answer:"," mouse"," erG:ipdee rlsfidPdaWa sehesf .rseg  u  aoimm octrree eeviSf.raoaa iaacfa"
"Passage: Wolves are afraid of mice.
Sheep are afraid of mice.
Gertrude is a wolf.
Winona is a wolf.
Cats are afraid of wolves.
Jessica is a sheep.
Emily is a cat.
Mice are afraid of cats.
Question: What is winona afraid of?
Answer:"," mouse","ofrdP io idt Gc.aafu :easgeree pdf ee ererae S aririW.vih  essfcmalsamaoa"
"Passage: Cats are afraid of wolves.
Gertrude is a cat.
Sheep are afraid of cats.
Jessica is a sheep.
Emily is a sheep.
Mice are afraid of wolves.
Wolves are afraid of mice.
Winona is a cat.
Question: What is gertrude afraid of?
Answer:"," wolf"," o c:tri hua e Coar tiasPi raweefdadaeS egpr aaaersvs.Gdo .rfseasffel a t"
"Passage: Cats are afraid of wolves.
Gertrude is a cat.
Sheep are afraid of cats.
Jessica is a sheep.
Emily is a sheep.
Mice are afraid of wolves.
Wolves are afraid of mice.
Winona is a cat.
Question: What is jessica afraid of?
Answer:"," cat","evaltc tars offd oiP ep fr sataasr.a .wa adraursoeei  eg dCiGse reSa:efah"
"Passage: Cats are afraid of wolves.
Gertrude is a cat.
Sheep are afraid of cats.
Jessica is a sheep.
Emily is a sheep.
Mice are afraid of wolves.
Wolves are afraid of mice.
Winona is a cat.
Question: What is jessica afraid of?
Answer:"," cat","scG  l:pa  ass erfaarfreattho a s  aPSiawd eto readr.feieu.ogdse eCfaariv"
"Passage: Cats are afraid of wolves.
Gertrude is a cat.
Sheep are afraid of cats.
Jessica is a sheep.
Emily is a sheep.
Mice are afraid of wolves.
Wolves are afraid of mice.
Winona is a cat.
Question: What is gertrude afraid of?
Answer:"," wolf","  arsgs tdto fawafeaeescGaCsi feih  ev r:rueasdr.eora .Saaao P f aidetplr"
"Passage: Mice are afraid of wolves.
Sheep are afraid of mice.
Gertrude is a mouse.
Winona is a sheep.
Cats are afraid of mice.
Jessica is a sheep.
Wolves are afraid of cats.
Emily is a wolf.
Question: What is emily afraid of?
Answer:"," cat","edr v sarreweae csalsriaf eMe.h  mre:u Seoiopdicig  roaaiaf a eGs.fPdatef"
"Passage: Mice are afraid of wolves.
Sheep are afraid of mice.
Gertrude is a mouse.
Winona is a sheep.
Cats are afraid of mice.
Jessica is a sheep.
Wolves are afraid of cats.
Emily is a wolf.
Question: What is jessica afraid of?
Answer:"," mouse","fafe uwiissier. aMa v. ee ipfc a acPeetreri:aedorGeoda   dgssrleah afrmoS"
"Passage: Mice are afraid of wolves.
Sheep are afraid of mice.
Gertrude is a mouse.
Winona is a sheep.
Cats are afraid of mice.
Jessica is a sheep.
Wolves are afraid of cats.
Emily is a wolf.
Question: What is emily afraid of?
Answer:"," cat",".w  vec.s aaaeeascr loisi fe:epiaraiS de aMoerud G efPdefso ham eritfargr"
"Passage: Mice are afraid of wolves.
Sheep are afraid of mice.
Gertrude is a mouse.
Winona is a sheep.
Cats are afraid of mice.
Jessica is a sheep.
Wolves are afraid of cats.
Emily is a wolf.
Question: What is emily afraid of?
Answer:"," cat","wr hraa.sS rePaia etiec f.adepios edsfouesGerea Mdfi:v mo eg ie aafrr lca"
"Passage: Wolves are afraid of cats.
Jessica is a wolf.
Emily is a wolf.
Gertrude is a wolf.
Sheep are afraid of mice.
Winona is a wolf.
Cats are afraid of mice.
Mice are afraid of sheep.
Question: What is emily afraid of?
Answer:"," cat","ld iE.iofema  sail oec.ayiwJ ratasv l.wosseslrfi:fW  gef asaPocas sGrae "
"Passage: Wolves are afraid of cats.
Jessica is a wolf.
Emily is a wolf.
Gertrude is a wolf.
Sheep are afraid of mice.
Winona is a wolf.
Cats are afraid of mice.
Mice are afraid of sheep.
Question: What is winona afraid of?
Answer:"," cat","la:eaccssaiaifodJr ilssofee a w.ar s Ps..eEgoeaaoW taG  rvmwi sfsl  fyil"
"Passage: Wolves are afraid of cats.
Jessica is a wolf.
Emily is a wolf.
Gertrude is a wolf.
Sheep are afraid of mice.
Winona is a wolf.
Cats are afraid of mice.
Mice are afraid of sheep.
Question: What is gertrude afraid of?
Answer:"," cat"," l sfyacsGg.iimee J..rr iwaaf  svadEsfolawo raoisss eloca as:eit eal WPf"
"Passage: Wolves are afraid of cats.
Jessica is a wolf.
Emily is a wolf.
Gertrude is a wolf.
Sheep are afraid of mice.
Winona is a wolf.
Cats are afraid of mice.
Mice are afraid of sheep.
Question: What is gertrude afraid of?
Answer:"," cat","ewtdWrfiaiai ac:res.Ewovyil a e.s ira   lJs gsflsf o csosmofG ls.Paaaaee"
"Passage: Mice are afraid of cats.
Jessica is a mouse.
Sheep are afraid of cats.
Winona is a sheep.
Wolves are afraid of mice.
Cats are afraid of sheep.
Emily is a sheep.
Gertrude is a mouse.
Question: What is gertrude afraid of?
Answer:"," cat","ad sd aiof:rcJesr ihefaaa agSi iseorecfe Paccefpie aum. aaoM  .tsse  sras"
"Passage: Mice are afraid of cats.
Jessica is a mouse.
Sheep are afraid of cats.
Winona is a sheep.
Wolves are afraid of mice.
Cats are afraid of sheep.
Emily is a sheep.
Gertrude is a mouse.
Question: What is winona afraid of?
Answer:"," cat","a rdgr sceii. .oe eocsfta   isiaraeee:ucJh ssfae fsa dsoaS afaPmMpari cea"
"Passage: Mice are afraid of cats.
Jessica is a mouse.
Sheep are afraid of cats.
Winona is a sheep.
Wolves are afraid of mice.
Cats are afraid of sheep.
Emily is a sheep.
Gertrude is a mouse.
Question: What is emily afraid of?
Answer:"," cat",". assfr  csehdJe sftaeoas ag.saasS PiaoaarMfeee m cr aeoa e  :cfuidiprici"
"Passage: Mice are afraid of cats.
Jessica is a mouse.
Sheep are afraid of cats.
Winona is a sheep.
Wolves are afraid of mice.
Cats are afraid of sheep.
Emily is a sheep.
Gertrude is a mouse.
Question: What is gertrude afraid of?
Answer:"," cat","spaee rri acfesaiio auio. da rtesca  :fc esdsSigo aafarc Jseef P.Ma mshae"
"Passage: Sheep are afraid of mice.
Winona is a sheep.
Mice are afraid of cats.
Emily is a mouse.
Cats are afraid of wolves.
Wolves are afraid of cats.
Gertrude is a mouse.
Jessica is a wolf.
Question: What is winona afraid of?
Answer:"," mouse","i.a eeapais:frs dmio  aa an ern e iWa siSoafadee h hrcpM rgaoiesacPee.cff"
"Passage: Sheep are afraid of mice.
Winona is a sheep.
Mice are afraid of cats.
Emily is a mouse.
Cats are afraid of wolves.
Wolves are afraid of cats.
Gertrude is a mouse.
Jessica is a wolf.
Question: What is gertrude afraid of?
Answer:"," cat","d .dhiW:aaeas.is oh e mf Paecicieerao iprgf sc eM nSnea afa roaarfaspei e"
"Passage: Sheep are afraid of mice.
Winona is a sheep.
Mice are afraid of cats.
Emily is a mouse.
Cats are afraid of wolves.
Wolves are afraid of cats.
Gertrude is a mouse.
Jessica is a wolf.
Question: What is emily afraid of?
Answer:"," cat"," eraa:aaascserd eicaeidfe eM sh   f.erfarPeiS acs.oap oWfm i hipn oeaniga"
"Passage: Sheep are afraid of mice.
Winona is a sheep.
Mice are afraid of cats.
Emily is a mouse.
Cats are afraid of wolves.
Wolves are afraid of cats.
Gertrude is a mouse.
Jessica is a wolf.
Question: What is jessica afraid of?
Answer:"," cat","aaareeoo fsehpn add P cM er:o fiaeeniimaeSer iiia W gh sa aarc.s.a scffpe"
"Passage: Wolves are afraid of sheep.
Sheep are afraid of cats.
Jessica is a wolf.
Emily is a wolf.
Cats are afraid of mice.
Gertrude is a wolf.
Winona is a cat.
Mice are afraid of wolves.
Question: What is emily afraid of?
Answer:"," sheep","..sriSJ ilcs avfseose  o aheaea soga:r dse rhaff sfeiPapee taaiaWcpa rsed"
"Passage: Wolves are afraid of sheep.
Sheep are afraid of cats.
Jessica is a wolf.
Emily is a wolf.
Cats are afraid of mice.
Gertrude is a wolf.
Winona is a cat.
Mice are afraid of wolves.
Question: What is gertrude afraid of?
Answer:"," sheep","hoeceseWdaaerp: .faphe oaar   citfaaJisPoefir lfS. vieare aes asag dss ss"
"Passage: Wolves are afraid of sheep.
Sheep are afraid of cats.
Jessica is a wolf.
Emily is a wolf.
Cats are afraid of mice.
Gertrude is a wolf.
Winona is a cat.
Mice are afraid of wolves.
Question: What is winona afraid of?
Answer:"," mouse","ae.asdarftS deg  hfa i:i fplsssrsJo eaiara c ev a  .eihfWreoPasaecepseaos"
"Passage: Wolves are afraid of sheep.
Sheep are afraid of cats.
Jessica is a wolf.
Emily is a wolf.
Cats are afraid of mice.
Gertrude is a wolf.
Winona is a cat.
Mice are afraid of wolves.
Question: What is winona afraid of?
Answer:"," mouse"," apWs:riahdghressae r.asasofi.f c le ri ata ecsedvsoip aeeaseeS fJ aoaP f"
"Passage: Mice are afraid of sheep.
Sheep are afraid of wolves.
Emily is a sheep.
Cats are afraid of mice.
Jessica is a sheep.
Gertrude is a mouse.
Wolves are afraid of mice.
Winona is a cat.
Question: What is winona afraid of?
Answer:"," mouse","c ors:lhf  feshsda  Evlaerra eaePyre eiws mas  oeS.igppeaa fie.aoa ifMdis"
"Passage: Mice are afraid of sheep.
Sheep are afraid of wolves.
Emily is a sheep.
Cats are afraid of mice.
Jessica is a sheep.
Gertrude is a mouse.
Wolves are afraid of mice.
Winona is a cat.
Question: What is gertrude afraid of?
Answer:"," sheep","avs.esepfceeSieeyfoalaliePe s sa oiawfa  sr ephmi  EMdasifrrard  a.h: g o"
"Passage: Mice are afraid of sheep.
Sheep are afraid of wolves.
Emily is a sheep.
Cats are afraid of mice.
Jessica is a sheep.
Gertrude is a mouse.
Wolves are afraid of mice.
Winona is a cat.
Question: What is winona afraid of?
Answer:"," mouse","sregerwoMie  sfosealefmPa  hdaeaovhd epy    resp:  raa.sii.afacEeliasf iS"
"Passage: Mice are afraid of sheep.
Sheep are afraid of wolves.
Emily is a sheep.
Cats are afraid of mice.
Jessica is a sheep.
Gertrude is a mouse.
Wolves are afraid of mice.
Winona is a cat.
Question: What is gertrude afraid of?
Answer:"," sheep",".w   palsa    eesaei msr oMeihsfoe.de pvdeEaeaaga:l Pefrraasr yhcfSiofisi"
"Passage: Wolves are afraid of mice.
Cats are afraid of sheep.
Sheep are afraid of wolves.
Jessica is a cat.
Mice are afraid of wolves.
Emily is a sheep.
Winona is a cat.
Gertrude is a mouse.
Question: What is emily afraid of?
Answer:"," wolf","r esai  :spW.s fmeaehff aleaacvre  sSeao tareapege fo iP.iCdfrdoaashrr ae"
"Passage: Wolves are afraid of mice.
Cats are afraid of sheep.
Sheep are afraid of wolves.
Jessica is a cat.
Mice are afraid of wolves.
Emily is a sheep.
Winona is a cat.
Gertrude is a mouse.
Question: What is winona afraid of?
Answer:"," sheep",". r aidWrPar aCeso  esfgeeesea.vrmd aef c p ai saahhi aaSoersrepeaftflf:o"
"Passage: Wolves are afraid of mice.
Cats are afraid of sheep.
Sheep are afraid of wolves.
Jessica is a cat.
Mice are afraid of wolves.
Emily is a sheep.
Winona is a cat.
Gertrude is a mouse.
Question: What is jessica afraid of?
Answer:"," sheep","heeirasaoefoW: iavaasee o.er gaasa  eftsprrhf cfed arai.ledme PC ra pS fs"
"Passage: Wolves are afraid of mice.
Cats are afraid of sheep.
Sheep are afraid of wolves.
Jessica is a cat.
Mice are afraid of wolves.
Emily is a sheep.
Winona is a cat.
Gertrude is a mouse.
Question: What is emily afraid of?
Answer:"," wolf","fsrS  daaehescoemle ..are fr rWhfoa sr:vgaaseaia itPe  asraepie afo Cfedp"
"Passage: Sheep are afraid of cats.
Cats are afraid of sheep.
Jessica is a sheep.
Gertrude is a sheep.
Mice are afraid of wolves.
Wolves are afraid of sheep.
Emily is a wolf.
Winona is a cat.
Question: What is winona afraid of?
Answer:"," sheep","Pfaeogs sfSa asia.fah oiacaaa rraeecCe th J s.rds:part ispe dsf e s eseai"
"Passage: Sheep are afraid of cats.
Cats are afraid of sheep.
Jessica is a sheep.
Gertrude is a sheep.
Mice are afraid of wolves.
Wolves are afraid of sheep.
Emily is a wolf.
Winona is a cat.
Question: What is gertrude afraid of?
Answer:"," cat","dasesrtos    Shaae:fiJtec f ac.psearasgrsiaadhsisi  sa Pef arapC aefeeo. "
"Passage: Sheep are afraid of cats.
Cats are afraid of sheep.
Jessica is a sheep.
Gertrude is a sheep.
Mice are afraid of wolves.
Wolves are afraid of sheep.
Emily is a wolf.
Winona is a cat.
Question: What is winona afraid of?
Answer:"," sheep","ioCcee aSdaea.ars J rs.iieafas sedeaPt:caf tha ss  faseaf gpsaosri hp  er"
"Passage: Sheep are afraid of cats.
Cats are afraid of sheep.
Jessica is a sheep.
Gertrude is a sheep.
Mice are afraid of wolves.
Wolves are afraid of sheep.
Emily is a wolf.
Winona is a cat.
Question: What is emily afraid of?
Answer:"," sheep","spdCir  aas  rasi peaa:sssecffhee  saodat gPa oraaS eahi.tJseeisfae.fc  r"
"Passage: Cats are afraid of mice.
Wolves are afraid of sheep.
Winona is a wolf.
Sheep are afraid of wolves.
Jessica is a cat.
Mice are afraid of cats.
Gertrude is a cat.
Emily is a mouse.
Question: What is gertrude afraid of?
Answer:"," mouse","n: diaalgoPcroaroavsfhaasao piarrmse e.  Csfd We an  .eisfee tsw  eWafiia"
"Passage: Cats are afraid of mice.
Wolves are afraid of sheep.
Winona is a wolf.
Sheep are afraid of wolves.
Jessica is a cat.
Mice are afraid of cats.
Gertrude is a cat.
Emily is a mouse.
Question: What is jessica afraid of?
Answer:"," mouse","algmfreafseiisdarnaoef  eWeCssiaara hoW a aw .stice ian  sPv:de paorfo . "
"Passage: Cats are afraid of mice.
Wolves are afraid of sheep.
Winona is a wolf.
Sheep are afraid of wolves.
Jessica is a cat.
Mice are afraid of cats.
Gertrude is a cat.
Emily is a mouse.
Question: What is jessica afraid of?
Answer:"," mouse","rog s   iWhCvae   pdsee arftW:  oafcoesiinsw.aPefasmaaonea. d rasiafleiar"
"Passage: Cats are afraid of mice.
Wolves are afraid of sheep.
Winona is a wolf.
Sheep are afraid of wolves.
Jessica is a cat.
Mice are afraid of cats.
Gertrude is a cat.
Emily is a mouse.
Question: What is jessica afraid of?
Answer:"," mouse","lndeffiiva eha wee arosaic: fpCeoasrsi e oPaW rWo  nas.asmg.dafratia se  "
"Passage: Cats are afraid of sheep.
Sheep are afraid of mice.
Wolves are afraid of sheep.
Gertrude is a cat.
Winona is a cat.
Emily is a sheep.
Jessica is a cat.
Mice are afraid of cats.
Question: What is winona afraid of?
Answer:"," sheep","treaorP rs ioi.sesmda ff.aefplcoaaea g  rWsea:rSeafpre Ceaafea   e hdisvh"
"Passage: Cats are afraid of sheep.
Sheep are afraid of mice.
Wolves are afraid of sheep.
Gertrude is a cat.
Winona is a cat.
Emily is a sheep.
Jessica is a cat.
Mice are afraid of cats.
Question: What is jessica afraid of?
Answer:"," sheep","Sts Wa fsea re esa ofcom a fid:.feeeviPhreog.Ch l parerdaaifpesar ra esaa"
"Passage: Cats are afraid of sheep.
Sheep are afraid of mice.
Wolves are afraid of sheep.
Gertrude is a cat.
Winona is a cat.
Emily is a sheep.
Jessica is a cat.
Mice are afraid of cats.
Question: What is gertrude afraid of?
Answer:"," sheep","Ceaaarh.e ehsrfW  daraegemi  ooote  fSi e .eeadpr:efsrifcassvapPsraa a fl"
"Passage: Cats are afraid of sheep.
Sheep are afraid of mice.
Wolves are afraid of sheep.
Gertrude is a cat.
Winona is a cat.
Emily is a sheep.
Jessica is a cat.
Mice are afraid of cats.
Question: What is emily afraid of?
Answer:"," mouse","edvgassrsraeeihp pPa ea.e fi.aaesfd e  er  rhft Cscrm W:aoaSia eelraofafo"
"Passage: Mice are afraid of cats.
Cats are afraid of sheep.
Sheep are afraid of wolves.
Winona is a sheep.
Emily is a cat.
Jessica is a mouse.
Wolves are afraid of sheep.
Gertrude is a wolf.
Question: What is gertrude afraid of?
Answer:"," sheep",".efha  idaafrasae.oea a iPe  riMCr:tei eprgrt fahaacdfasea oaes fpsseSrc "
"Passage: Mice are afraid of cats.
Cats are afraid of sheep.
Sheep are afraid of wolves.
Winona is a sheep.
Emily is a cat.
Jessica is a mouse.
Wolves are afraid of sheep.
Gertrude is a wolf.
Question: What is gertrude afraid of?
Answer:"," sheep","eiehfpai:fis s srsda   ecaedaaat C fprsPaa g.haa oo.ftarer ecSr eeiaeMfra"
"Passage: Mice are afraid of cats.
Cats are afraid of sheep.
Sheep are afraid of wolves.
Winona is a sheep.
Emily is a cat.
Jessica is a mouse.
Wolves are afraid of sheep.
Gertrude is a wolf.
Question: What is emily afraid of?
Answer:"," sheep","  .Maaaaesd ig:rfarerefpPeae.etfrSrheaossaa  t  iaesfcia eC api hrcfosad "
"Passage: Mice are afraid of cats.
Cats are afraid of sheep.
Sheep are afraid of wolves.
Winona is a sheep.
Emily is a cat.
Jessica is a mouse.
Wolves are afraid of sheep.
Gertrude is a wolf.
Question: What is jessica afraid of?
Answer:"," cat","faiaias atre aa:.aee ad. iaMfheP rSo cCpsceaereh sseots ffa ire fparga rd"
"Passage: Cats are afraid of sheep.
Mice are afraid of cats.
Gertrude is a cat.
Sheep are afraid of wolves.
Wolves are afraid of mice.
Jessica is a wolf.
Emily is a sheep.
Winona is a mouse.
Question: What is jessica afraid of?
Answer:"," mouse","ehtdgpueia:aGesaa td .saeaaoaoMrirCres efr   diiftrc cascer e.afs   fPas "
"Passage: Cats are afraid of sheep.
Mice are afraid of cats.
Gertrude is a cat.
Sheep are afraid of wolves.
Wolves are afraid of mice.
Jessica is a wolf.
Emily is a sheep.
Winona is a mouse.
Question: What is jessica afraid of?
Answer:"," mouse","scs tse.f a.cripo fee ae:adrcrii da uaePhdsrGasfa srrfgaCaei ao te   taMe"
"Passage: Cats are afraid of sheep.
Mice are afraid of cats.
Gertrude is a cat.
Sheep are afraid of wolves.
Wolves are afraid of mice.
Jessica is a wolf.
Emily is a sheep.
Winona is a mouse.
Question: What is emily afraid of?
Answer:"," wolf"," aGdMsfdtascaoaecd  rifpaiis: . serP  eu rr afce heeeragasaiatfe. oCst ra"
"Passage: Cats are afraid of sheep.
Mice are afraid of cats.
Gertrude is a cat.
Sheep are afraid of wolves.
Wolves are afraid of mice.
Jessica is a wolf.
Emily is a sheep.
Winona is a mouse.
Question: What is emily afraid of?
Answer:"," wolf"," iffaara:efseder t dsatcGe igo crdsai c.essfa  rCs a ier.praPh eMoa aeuat"
"Passage: Wolves are afraid of cats.
Sheep are afraid of mice.
Mice are afraid of wolves.
Cats are afraid of wolves.
Gertrude is a sheep.
Emily is a wolf.
Jessica is a mouse.
Winona is a wolf.
Question: What is gertrude afraid of?
Answer:"," mouse","fecefiieaaovsa oaMfsraacoefaehcaPelsfitpa   gdsd r a rrSri :e . .Wa eemar"
"Passage: Wolves are afraid of cats.
Sheep are afraid of mice.
Mice are afraid of wolves.
Cats are afraid of wolves.
Gertrude is a sheep.
Emily is a wolf.
Jessica is a mouse.
Winona is a wolf.
Question: What is gertrude afraid of?
Answer:"," mouse","Peafraioe sacWateoM cf  affaosc:aar.virSiee ddreaa saf gespal m erh .ei r"
"Passage: Wolves are afraid of cats.
Sheep are afraid of mice.
Mice are afraid of wolves.
Cats are afraid of wolves.
Gertrude is a sheep.
Emily is a wolf.
Jessica is a mouse.
Winona is a wolf.
Question: What is winona afraid of?
Answer:"," cat","ah.  ac i.d roes:eSlrcrc asfaefav eia asP f aeaefeiatr eorWrpsmgfa Mdeaio"
"Passage: Wolves are afraid of cats.
Sheep are afraid of mice.
Mice are afraid of wolves.
Cats are afraid of wolves.
Gertrude is a sheep.
Emily is a wolf.
Jessica is a mouse.
Winona is a wolf.
Question: What is emily afraid of?
Answer:"," cat"," safaeecerl isd:MaW r S  fvaehpe  imgcrP icfr esas.raoidaa o.eafoaaefreta"
